ISO-10303-21;
HEADER;
FILE_DESCRIPTION (( 'STEP AP214' ),
    '1' );
FILE_NAME ('423-0292.STEP',
    '2026-03-06T17:28:51',
    ( '' ),
    ( '' ),
    'SwSTEP 2.0',
    'SolidWorks 2025',
    '' );
FILE_SCHEMA (( 'AUTOMOTIVE_DESIGN' ));
ENDSEC;

DATA;
#1 = AXIS2_PLACEMENT_3D ( 'NONE', #1203, #2564, #3398 ) ;
#2 = CARTESIAN_POINT ( 'NONE',  ( -1.033947914506085919, 2.365925826289069445, -0.05999999999999983125 ) ) ;
#3 = EDGE_CURVE ( 'NONE', #1774, #2606, #3170, .T. ) ;
#4 = CARTESIAN_POINT ( 'NONE',  ( -0.2158415228850489032, 0.04000000000000000083, -0.2999999999999999889 ) ) ;
#5 = VERTEX_POINT ( 'NONE', #3456 ) ;
#6 = DIRECTION ( 'NONE',  ( -0.9659258262890687563, 0.2588190451025187966, 0.000000000000000000 ) ) ;
#7 = CARTESIAN_POINT ( 'NONE',  ( 0.4397197676620212548, 0.1482361909794963906, 0.2999999999999999889 ) ) ;
#8 = VERTEX_POINT ( 'NONE', #2834 ) ;
#9 = ORIENTED_EDGE ( 'NONE', *, *, #2901, .F. ) ;
#10 = VECTOR ( 'NONE', #1648, 39.37007874015748854 ) ;
#11 = CARTESIAN_POINT ( 'NONE',  ( -0.9953108814545228444, 2.376278588093170274, 0.2999999999999999889 ) ) ;
#12 = EDGE_CURVE ( 'NONE', #591, #765, #307, .T. ) ;
#13 = ADVANCED_FACE ( 'NONE', ( #339 ), #907, .F. ) ;
#14 = CARTESIAN_POINT ( 'NONE',  ( 1.005663643258623674, 2.414915621144733127, 0.2599999999999999534 ) ) ;
#15 = CARTESIAN_POINT ( 'NONE',  ( -0.5163098243010494359, 0.4340741737109306553, 0.1000000000000003109 ) ) ;
#16 = CARTESIAN_POINT ( 'NONE',  ( 0.4673200294453859760, 0.4057899024634685770, 0.2999999999999999889 ) ) ;
#17 = AXIS2_PLACEMENT_3D ( 'NONE', #1961, #3077, #266 ) ;
#18 = ORIENTED_EDGE ( 'NONE', *, *, #488, .F. ) ;
#19 = EDGE_CURVE ( 'NONE', #3255, #1033, #1195, .T. ) ;
#20 = ORIENTED_EDGE ( 'NONE', *, *, #3625, .T. ) ;
#21 = DIRECTION ( 'NONE',  ( 0.9659258262890690894, -0.2588190451025180749, -0.000000000000000000 ) ) ;
#22 = CARTESIAN_POINT ( 'NONE',  ( -0.4517846860596510528, 0.3478112116348762717, 0.1000000000000003109 ) ) ;
#23 = AXIS2_PLACEMENT_3D ( 'NONE', #3526, #425, #3508 ) ;
#24 = CIRCLE ( 'NONE', #2432, 0.03999999999999998695 ) ;
#25 = AXIS2_PLACEMENT_3D ( 'NONE', #2588, #3405, #2572 ) ;
#26 = ORIENTED_EDGE ( 'NONE', *, *, #3028, .F. ) ;
#27 = DIRECTION ( 'NONE',  ( 0.9659258262890690894, -0.2588190451025180749, -0.000000000000000000 ) ) ;
#28 = CARTESIAN_POINT ( 'NONE',  ( -0.3999999999999999667, 0.000000000000000000, 0.2999999999999999889 ) ) ;
#29 = EDGE_CURVE ( 'NONE', #1478, #422, #1019, .T. ) ;
#30 = VERTEX_POINT ( 'NONE', #2877 ) ;
#31 = ORIENTED_EDGE ( 'NONE', *, *, #1676, .T. ) ;
#32 = DIRECTION ( 'NONE',  ( 0.000000000000000000, 0.000000000000000000, 1.000000000000000000 ) ) ;
#33 = AXIS2_PLACEMENT_3D ( 'NONE', #1257, #759, #2669 ) ;
#34 = DIRECTION ( 'NONE',  ( 0.2588190451025180194, 0.9659258262890689783, 0.000000000000000000 ) ) ;
#35 = VECTOR ( 'NONE', #1653, 39.37007874015748854 ) ;
#36 = CARTESIAN_POINT ( 'NONE',  ( -1.023595152701985311, 2.327288793237506592, -0.09999999999999983902 ) ) ;
#37 = DIRECTION ( 'NONE',  ( 0.000000000000000000, 0.000000000000000000, -1.000000000000000000 ) ) ;
#38 = AXIS2_PLACEMENT_3D ( 'NONE', #1753, #143, #2879 ) ;
#39 = ORIENTED_EDGE ( 'NONE', *, *, #3223, .T. ) ;
#40 = VERTEX_POINT ( 'NONE', #356 ) ;
#41 = DIRECTION ( 'NONE',  ( -0.2588190451025180749, -0.9659258262890689783, 0.000000000000000000 ) ) ;
#42 = VECTOR ( 'NONE', #1609, 39.37007874015748143 ) ;
#43 = EDGE_CURVE ( 'NONE', #61, #2496, #1477, .T. ) ;
#44 = PLANE ( 'NONE',  #1484 ) ;
#45 = ORIENTED_EDGE ( 'NONE', *, *, #182, .T. ) ;
#46 = CARTESIAN_POINT ( 'NONE',  ( 0.7252888490297455526, 2.706814834742185205, 0.09999999999999996392 ) ) ;
#47 = CARTESIAN_POINT ( 'NONE',  ( -0.5163098243010494359, 0.4340741737109306553, 0.2999999999999999889 ) ) ;
#48 = DIRECTION ( 'NONE',  ( -1.000000000000000000, 0.000000000000000000, 0.000000000000000000 ) ) ;
#49 = ORIENTED_EDGE ( 'NONE', *, *, #894, .T. ) ;
#50 = CARTESIAN_POINT ( 'NONE',  ( -0.4093644798680418639, 0.4213190451696195438, 0.2341890781625039497 ) ) ;
#51 = ORIENTED_EDGE ( 'NONE', *, *, #560, .T. ) ;
#52 = EDGE_CURVE ( 'NONE', #1953, #2878, #2404, .T. ) ;
#53 = LINE ( 'NONE', #1982, #2402 ) ;
#54 = CARTESIAN_POINT ( 'NONE',  ( 0.4673200294453858650, 0.4057899024634685214, 0.2999999999999999889 ) ) ;
#55 = DIRECTION ( 'NONE',  ( -0.2588190451025180749, -0.9659258262890689783, 0.000000000000000000 ) ) ;
#56 = ORIENTED_EDGE ( 'NONE', *, *, #2702, .F. ) ;
#57 = ORIENTED_EDGE ( 'NONE', *, *, #1085, .T. ) ;
#58 = CARTESIAN_POINT ( 'NONE',  ( -0.3613629669484372253, 0.01035276180410072376, -0.2999999999999999889 ) ) ;
#59 = CARTESIAN_POINT ( 'NONE',  ( 0.9953108814545228444, 2.376278588093170274, 0.2999999999999999889 ) ) ;
#60 = AXIS2_PLACEMENT_3D ( 'NONE', #128, #1587, #2706 ) ;
#61 = VERTEX_POINT ( 'NONE', #1369 ) ;
#62 = DIRECTION ( 'NONE',  ( -0.9659258262890689783, -0.2588190451025181305, 0.000000000000000000 ) ) ;
#63 = CYLINDRICAL_SURFACE ( 'NONE', #1528, 0.03999999999999999389 ) ;
#64 = AXIS2_PLACEMENT_3D ( 'NONE', #1127, #2198, #3309 ) ;
#65 = ORIENTED_EDGE ( 'NONE', *, *, #2336, .F. ) ;
#66 = LINE ( 'NONE', #640, #1381 ) ;
#67 = ORIENTED_EDGE ( 'NONE', *, *, #2574, .T. ) ;
#68 = EDGE_CURVE ( 'NONE', #343, #2586, #2991, .T. ) ;
#69 = VECTOR ( 'NONE', #1636, 39.37007874015748854 ) ;
#70 =( NAMED_UNIT ( * ) SI_UNIT ( $, .STERADIAN. ) SOLID_ANGLE_UNIT ( ) );
#71 = DIRECTION ( 'NONE',  ( 0.2588190451025181305, -0.9659258262890689783, 2.731847993664261739E-16 ) ) ;
#72 = ADVANCED_FACE ( 'NONE', ( #1064 ), #2481, .T. ) ;
#73 = DIRECTION ( 'NONE',  ( 0.000000000000000000, -0.000000000000000000, -1.000000000000000000 ) ) ;
#74 = EDGE_LOOP ( 'NONE', ( #1012, #720, #3419, #1222 ) ) ;
#75 = EDGE_LOOP ( 'NONE', ( #330, #3040, #969, #3353 ) ) ;
#76 = LINE ( 'NONE', #58, #688 ) ;
#77 = DIRECTION ( 'NONE',  ( 0.9659258262890690894, 0.2588190451025180749, -0.000000000000000000 ) ) ;
#78 = VECTOR ( 'NONE', #367, 39.37007874015748143 ) ;
#79 = ORIENTED_EDGE ( 'NONE', *, *, #1942, .T. ) ;
#80 = CARTESIAN_POINT ( 'NONE',  ( -0.2158415228850489032, 0.2399999999999999079, -0.2999999999999999889 ) ) ;
#81 = CIRCLE ( 'NONE', #2136, 0.03999999999999993838 ) ;
#82 = FACE_OUTER_BOUND ( 'NONE', #988, .T. ) ;
#83 = CARTESIAN_POINT ( 'NONE',  ( -0.3613629669484372253, 0.01035276180410072376, 0.2999999999999999889 ) ) ;
#84 = ORIENTED_EDGE ( 'NONE', *, *, #1647, .F. ) ;
#85 = DIRECTION ( 'NONE',  ( 0.9659258262890689783, -0.2588190451025181305, 0.000000000000000000 ) ) ;
#86 = ORIENTED_EDGE ( 'NONE', *, *, #3000, .F. ) ;
#87 =( NAMED_UNIT ( * ) PLANE_ANGLE_UNIT ( ) SI_UNIT ( $, .RADIAN. ) );
#88 = CARTESIAN_POINT ( 'NONE',  ( -1.041343250457477776, 2.393525595798705830, 0.004144098666866294529 ) ) ;
#89 = CARTESIAN_POINT ( 'NONE',  ( -1.033947914506085919, 2.365925826289069445, -2.395758620164980746E-05 ) ) ;
#90 = VECTOR ( 'NONE', #2981, 39.37007874015748143 ) ;
#91 = ORIENTED_EDGE ( 'NONE', *, *, #2788, .T. ) ;
#92 = ORIENTED_EDGE ( 'NONE', *, *, #1995, .T. ) ;
#93 = AXIS2_PLACEMENT_3D ( 'NONE', #2687, #463, #2385 ) ;
#94 = CARTESIAN_POINT ( 'NONE',  ( 0.3613629669484372253, 0.01035276180410072376, 0.2999999999999999889 ) ) ;
#95 = CARTESIAN_POINT ( 'NONE',  ( 1.098493929786631185, 2.606814834742186004, -0.2999999999999999889 ) ) ;
#96 = CARTESIAN_POINT ( 'NONE',  ( 0.5266625861051501545, 0.4727112067624936187, -0.05999999999999931777 ) ) ;
#97 = ORIENTED_EDGE ( 'NONE', *, *, #271, .T. ) ;
#98 = ORIENTED_EDGE ( 'NONE', *, *, #3519, .F. ) ;
#99 = AXIS2_PLACEMENT_3D ( 'NONE', #1680, #1997, #285 ) ;
#100 = DIRECTION ( 'NONE',  ( -1.000000000000000000, -0.000000000000000000, -0.000000000000000000 ) ) ;
#101 = CARTESIAN_POINT ( 'NONE',  ( 1.044300676310186526, 2.404562859340632741, 0.2999999999999999889 ) ) ;
#102 = ORIENTED_EDGE ( 'NONE', *, *, #3093, .F. ) ;
#103 = ORIENTED_EDGE ( 'NONE', *, *, #2840, .F. ) ;
#104 = CARTESIAN_POINT ( 'NONE',  ( 0.4673200294453858650, 0.4057899024634684659, 0.2341890781625039497 ) ) ;
#105 = EDGE_CURVE ( 'NONE', #3546, #2766, #3068, .T. ) ;
#106 = ORIENTED_EDGE ( 'NONE', *, *, #2719, .T. ) ;
#107 = EDGE_CURVE ( 'NONE', #3193, #2712, #1131, .T. ) ;
#108 = DIRECTION ( 'NONE',  ( 0.000000000000000000, 0.000000000000000000, -1.000000000000000000 ) ) ;
#109 = DIRECTION ( 'NONE',  ( -0.2588190451025176864, -0.9659258262890692004, 0.000000000000000000 ) ) ;
#110 = ADVANCED_FACE ( 'NONE', ( #1301 ), #2498, .T. ) ;
#111 = ORIENTED_EDGE ( 'NONE', *, *, #105, .F. ) ;
#112 = ORIENTED_EDGE ( 'NONE', *, *, #1367, .F. ) ;
#113 = CARTESIAN_POINT ( 'NONE',  ( -0.5163098243010494359, 0.4340741737109304887, 0.2341890781625039497 ) ) ;
#114 = CARTESIAN_POINT ( 'NONE',  ( -1.098493929786631629, 2.606814834742186449, -0.09999999999999996392 ) ) ;
#115 = LINE ( 'NONE', #2103, #3015 ) ;
#116 = EDGE_CURVE ( 'NONE', #2920, #2234, #670, .T. ) ;
#117 = VERTEX_POINT ( 'NONE', #1591 ) ;
#118 = CARTESIAN_POINT ( 'NONE',  ( 0.9953108814545231775, 2.376278588093170274, 0.2599999999999999534 ) ) ;
#119 = CARTESIAN_POINT ( 'NONE',  ( -1.033947914506085919, 2.365925826289069445, 0.2599999999999999534 ) ) ;
#120 = EDGE_CURVE ( 'NONE', #3209, #1256, #3127, .T. ) ;
#121 = ORIENTED_EDGE ( 'NONE', *, *, #3173, .T. ) ;
#122 = CARTESIAN_POINT ( 'NONE',  ( -0.7252888490297455526, 2.706814834742185205, -0.2999999999999999889 ) ) ;
#123 = VECTOR ( 'NONE', #594, 39.37007874015748854 ) ;
#124 = AXIS2_PLACEMENT_3D ( 'NONE', #602, #1962, #1117 ) ;
#125 = ORIENTED_EDGE ( 'NONE', *, *, #780, .T. ) ;
#126 = CARTESIAN_POINT ( 'NONE',  ( -1.002706217405914924, 2.403878357602805771, 0.004144098666866448052 ) ) ;
#127 = ADVANCED_FACE ( 'NONE', ( #1098 ), #1082, .T. ) ;
#128 = CARTESIAN_POINT ( 'NONE',  ( 0.000000000000000000, 8.537024980200822558E-18, 0.2999999999999999889 ) ) ;
#129 = DIRECTION ( 'NONE',  ( 0.2588190451025196848, -0.9659258262890686453, 0.000000000000000000 ) ) ;
#130 = EDGE_CURVE ( 'NONE', #1182, #1015, #512, .T. ) ;
#131 = EDGE_LOOP ( 'NONE', ( #2675, #1521, #3559, #150 ) ) ;
#132 = ORIENTED_EDGE ( 'NONE', *, *, #2524, .F. ) ;
#133 = DIRECTION ( 'NONE',  ( 0.9659258262890690894, 0.2588190451025180749, -0.000000000000000000 ) ) ;
#134 = CARTESIAN_POINT ( 'NONE',  ( 1.005663643258623674, 2.414915621144733127, 0.2599999999999999534 ) ) ;
#135 = DIRECTION ( 'NONE',  ( -0.9659258262890689783, 0.2588190451025181305, -0.000000000000000000 ) ) ;
#136 = ADVANCED_FACE ( 'NONE', ( #2711 ), #2163, .F. ) ;
#137 = ORIENTED_EDGE ( 'NONE', *, *, #495, .T. ) ;
#138 = CARTESIAN_POINT ( 'NONE',  ( -0.4776727912494866390, 0.4444269355150312628, 0.2341890781625039497 ) ) ;
#139 = AXIS2_PLACEMENT_3D ( 'NONE', #1745, #867, #649 ) ;
#140 = DIRECTION ( 'NONE',  ( -0.2588190451025196848, -0.9659258262890686453, 0.000000000000000000 ) ) ;
#141 = AXIS2_PLACEMENT_3D ( 'NONE', #1882, #3281, #490 ) ;
#142 = VERTEX_POINT ( 'NONE', #3331 ) ;
#143 = DIRECTION ( 'NONE',  ( -0.9659258262890690894, 0.2588190451025180749, 0.000000000000000000 ) ) ;
#144 = AXIS2_PLACEMENT_3D ( 'NONE', #363, #3371, #73 ) ;
#145 = ORIENTED_EDGE ( 'NONE', *, *, #2190, .F. ) ;
#146 = CIRCLE ( 'NONE', #3017, 0.2000000000000000111 ) ;
#147 = SURFACE_STYLE_USAGE ( .BOTH. , #3157 ) ;
#148 = DIRECTION ( 'NONE',  ( 0.000000000000000000, -0.000000000000000000, 1.000000000000000000 ) ) ;
#149 = ORIENTED_EDGE ( 'NONE', *, *, #2985, .T. ) ;
#150 = ORIENTED_EDGE ( 'NONE', *, *, #3149, .F. ) ;
#151 = CARTESIAN_POINT ( 'NONE',  ( -0.4123219057207506144, 0.4323563087115465109, 0.004144098666867096839 ) ) ;
#152 = DIRECTION ( 'NONE',  ( 0.9659258262890690894, 0.2588190451025180749, -0.000000000000000000 ) ) ;
#153 = VECTOR ( 'NONE', #1392, 39.37007874015748854 ) ;
#154 = VERTEX_POINT ( 'NONE', #769 ) ;
#155 = DIRECTION ( 'NONE',  ( -0.9659258262890690894, 0.2588190451025180749, 0.000000000000000000 ) ) ;
#156 = ADVANCED_FACE ( 'NONE', ( #3592 ), #3264, .T. ) ;
#157 = CARTESIAN_POINT ( 'NONE',  ( -1.033947914506085697, 2.365925826289069001, 0.09999999999999970024 ) ) ;
#158 = VECTOR ( 'NONE', #2291, 39.37007874015748854 ) ;
#159 = ORIENTED_EDGE ( 'NONE', *, *, #3504, .T. ) ;
#160 = DIRECTION ( 'NONE',  ( 0.9659258262890690894, -0.2588190451025180749, -0.000000000000000000 ) ) ;
#161 = CIRCLE ( 'NONE', #1154, 0.2000000000000000389 ) ;
#162 = ORIENTED_EDGE ( 'NONE', *, *, #450, .F. ) ;
#163 = LINE ( 'NONE', #231, #1446 ) ;
#164 = DIRECTION ( 'NONE',  ( 1.000000000000000000, 0.000000000000000000, 0.000000000000000000 ) ) ;
#165 = EDGE_CURVE ( 'NONE', #911, #2653, #3246, .T. ) ;
#166 = EDGE_CURVE ( 'NONE', #2908, #1187, #251, .T. ) ;
#167 = ORIENTED_EDGE ( 'NONE', *, *, #120, .T. ) ;
#168 = MECHANICAL_DESIGN_GEOMETRIC_PRESENTATION_REPRESENTATION (  '', ( #3622 ), #2515 ) ;
#169 = VERTEX_POINT ( 'NONE', #2731 ) ;
#170 = CARTESIAN_POINT ( 'NONE',  ( -0.4880255530535873576, 0.4830639685665940042, -0.09999999999999931166 ) ) ;
#171 = CYLINDRICAL_SURFACE ( 'NONE', #1605, 0.03999999999999993838 ) ;
#172 = ORIENTED_EDGE ( 'NONE', *, *, #1293, .F. ) ;
#173 = DIRECTION ( 'NONE',  ( 0.000000000000000000, 0.000000000000000000, 1.000000000000000000 ) ) ;
#174 = FILL_AREA_STYLE ('',( #3494 ) ) ;
#175 = ORIENTED_EDGE ( 'NONE', *, *, #1453, .T. ) ;
#176 = CARTESIAN_POINT ( 'NONE',  ( 1.033947914506085919, 2.365925826289069001, 0.09999999999999970024 ) ) ;
#177 = ORIENTED_EDGE ( 'NONE', *, *, #2985, .F. ) ;
#178 = EDGE_CURVE ( 'NONE', #1767, #2570, #2425, .T. ) ;
#179 = CARTESIAN_POINT ( 'NONE',  ( -0.2158415228850489032, 0.2399999999999999079, -0.2999999999999999889 ) ) ;
#180 = FACE_OUTER_BOUND ( 'NONE', #881, .T. ) ;
#181 = VECTOR ( 'NONE', #2373, 39.37007874015748143 ) ;
#182 = EDGE_CURVE ( 'NONE', #117, #2106, #1079, .T. ) ;
#183 = ORIENTED_EDGE ( 'NONE', *, *, #1815, .T. ) ;
#184 = CARTESIAN_POINT ( 'NONE',  ( 0.5059570624969486063, 0.3954371406593677474, 0.2599999999999999534 ) ) ;
#185 = CARTESIAN_POINT ( 'NONE',  ( 0.4904217191112137941, 0.3374584498307756086, 0.1000000000000003109 ) ) ;
#186 = LINE ( 'NONE', #2685, #1955 ) ;
#187 = EDGE_CURVE ( 'NONE', #2453, #3237, #2605, .T. ) ;
#188 = AXIS2_PLACEMENT_3D ( 'NONE', #3197, #2409, #1008 ) ;
#189 = ORIENTED_EDGE ( 'NONE', *, *, #3625, .F. ) ;
#190 = CARTESIAN_POINT ( 'NONE',  ( 1.033947914506085919, 2.365925826289069445, 0.2000239575862018115 ) ) ;
#191 = DIRECTION ( 'NONE',  ( 0.2588190451025180194, 0.9659258262890689783, 0.000000000000000000 ) ) ;
#192 = ORIENTED_EDGE ( 'NONE', *, *, #2061, .T. ) ;
#193 = DIRECTION ( 'NONE',  ( 0.9659258262890689783, 0.2588190451025180194, -0.000000000000000000 ) ) ;
#194 = CARTESIAN_POINT ( 'NONE',  ( -0.4197172416721426380, 0.4599560782211824517, 0.1000000000000003109 ) ) ;
#195 = CYLINDRICAL_SURFACE ( 'NONE', #2922, 0.1000239575862020835 ) ;
#196 = CIRCLE ( 'NONE', #612, 0.03999999999999993838 ) ;
#197 = AXIS2_PLACEMENT_3D ( 'NONE', #3159, #2075, #3177 ) ;
#198 = EDGE_LOOP ( 'NONE', ( #3524, #364, #608, #899 ) ) ;
#199 = FACE_OUTER_BOUND ( 'NONE', #3101, .T. ) ;
#200 = DIRECTION ( 'NONE',  ( -0.9659258262890690894, -0.2588190451025180749, 0.000000000000000000 ) ) ;
#201 = CARTESIAN_POINT ( 'NONE',  ( -1.005663643258623674, 2.414915621144733127, 0.2341890781625032281 ) ) ;
#202 = ORIENTED_EDGE ( 'NONE', *, *, #2674, .F. ) ;
#203 = VERTEX_POINT ( 'NONE', #2516 ) ;
#204 = CARTESIAN_POINT ( 'NONE',  ( 1.002706217405914924, 2.403878357602806215, 0.1958559013331328813 ) ) ;
#205 = CARTESIAN_POINT ( 'NONE',  ( 0.3999999999999999667, 0.000000000000000000, -0.09999999999999945044 ) ) ;
#206 = AXIS2_PLACEMENT_3D ( 'NONE', #3510, #2120, #3238 ) ;
#207 = ORIENTED_EDGE ( 'NONE', *, *, #1698, .T. ) ;
#208 = LINE ( 'NONE', #3023, #3557 ) ;
#209 = AXIS2_PLACEMENT_3D ( 'NONE', #3323, #796, #1988 ) ;
#210 = DIRECTION ( 'NONE',  ( 0.000000000000000000, 0.000000000000000000, 1.000000000000000000 ) ) ;
#211 = VECTOR ( 'NONE', #3361, 39.37007874015748143 ) ;
#212 = ORIENTED_EDGE ( 'NONE', *, *, #3169, .T. ) ;
#213 = DIRECTION ( 'NONE',  ( 0.9659258262890690894, -0.2588190451025180749, -0.000000000000000000 ) ) ;
#214 = CIRCLE ( 'NONE', #806, 0.03999999999999998695 ) ;
#215 = EDGE_CURVE ( 'NONE', #297, #246, #430, .T. ) ;
#216 = CARTESIAN_POINT ( 'NONE',  ( 0.9953108814545228444, 2.376278588093169830, 0.09999999999999970024 ) ) ;
#217 = ORIENTED_EDGE ( 'NONE', *, *, #2450, .F. ) ;
#218 = AXIS2_PLACEMENT_3D ( 'NONE', #276, #1933, #850 ) ;
#219 = CARTESIAN_POINT ( 'NONE',  ( 0.4880255530535875241, 0.4830639685665943928, -0.09999999999999931166 ) ) ;
#220 = CARTESIAN_POINT ( 'NONE',  ( -0.4673200294453859760, 0.4057899024634685770, 0.2999999999999999889 ) ) ;
#221 = ADVANCED_FACE ( 'NONE', ( #842 ), #3630, .T. ) ;
#222 = CARTESIAN_POINT ( 'NONE',  ( -0.5163098243010494359, 0.4340741737109306553, 0.1000000000000003109 ) ) ;
#223 = ORIENTED_EDGE ( 'NONE', *, *, #3160, .F. ) ;
#224 = DIRECTION ( 'NONE',  ( 0.000000000000000000, 0.000000000000000000, -1.000000000000000000 ) ) ;
#225 = DIRECTION ( 'NONE',  ( 0.2588190451025180749, 0.9659258262890690894, 0.000000000000000000 ) ) ;
#226 = ADVANCED_FACE ( 'NONE', ( #3182 ), #3525, .F. ) ;
#227 = ORIENTED_EDGE ( 'NONE', *, *, #3136, .F. ) ;
#228 = DIRECTION ( 'NONE',  ( 0.000000000000000000, 0.000000000000000000, -1.000000000000000000 ) ) ;
#229 = CARTESIAN_POINT ( 'NONE',  ( -0.4197172416721426380, 0.4599560782211824517, 0.1000000000000003109 ) ) ;
#230 = ORIENTED_EDGE ( 'NONE', *, *, #2559, .F. ) ;
#231 = CARTESIAN_POINT ( 'NONE',  ( 0.5266625861051503765, 0.4727112067624935077, -0.09999999999999932554 ) ) ;
#232 = DIRECTION ( 'NONE',  ( -0.2588190451025180749, -0.9659258262890689783, 0.000000000000000000 ) ) ;
#233 = AXIS2_PLACEMENT_3D ( 'NONE', #3462, #1879, #2725 ) ;
#234 = EDGE_CURVE ( 'NONE', #3153, #1274, #81, .T. ) ;
#235 = CARTESIAN_POINT ( 'NONE',  ( 0.4880255530535874131, 0.4830639685665942817, -0.05999999999999931777 ) ) ;
#236 = CYLINDRICAL_SURFACE ( 'NONE', #1145, 0.03999999999999998695 ) ;
#237 = FACE_OUTER_BOUND ( 'NONE', #1460, .T. ) ;
#238 = EDGE_CURVE ( 'NONE', #3465, #1652, #2977, .T. ) ;
#239 = CIRCLE ( 'NONE', #2643, 0.03999999999999998695 ) ;
#240 = EDGE_LOOP ( 'NONE', ( #2935, #277, #1160, #982 ) ) ;
#241 = DIRECTION ( 'NONE',  ( -0.9659258262890690894, -0.2588190451025180749, 0.000000000000000000 ) ) ;
#242 = CARTESIAN_POINT ( 'NONE',  ( 0.2158415228850488754, 0.2399999999999999634, 0.2999999999999999889 ) ) ;
#243 = ORIENTED_EDGE ( 'NONE', *, *, #1423, .F. ) ;
#244 = FACE_OUTER_BOUND ( 'NONE', #1553, .T. ) ;
#245 = CARTESIAN_POINT ( 'NONE',  ( 0.4776727912494866390, 0.4444269355150312628, 0.2599999999999999534 ) ) ;
#246 = VERTEX_POINT ( 'NONE', #2115 ) ;
#247 = DIRECTION ( 'NONE',  ( -0.9659258262890690894, -0.2588190451025180749, 0.000000000000000000 ) ) ;
#248 = VECTOR ( 'NONE', #1806, 39.37007874015748143 ) ;
#249 = DIRECTION ( 'NONE',  ( -0.9659258262890690894, 0.2588190451025180749, 0.000000000000000000 ) ) ;
#250 = CARTESIAN_POINT ( 'NONE',  ( 0.5163098243010494359, 0.4340741737109306553, 0.1000000000000003109 ) ) ;
#251 = CIRCLE ( 'NONE', #1601, 0.2400000000000000466 ) ;
#252 = CARTESIAN_POINT ( 'NONE',  ( -0.2465346024042074091, 0.000000000000000000, 0.2999999999999999889 ) ) ;
#253 = FACE_OUTER_BOUND ( 'NONE', #3466, .T. ) ;
#254 = VECTOR ( 'NONE', #862, 39.37007874015748143 ) ;
#255 = VERTEX_POINT ( 'NONE', #3468 ) ;
#256 = CARTESIAN_POINT ( 'NONE',  ( -0.4776727912494866390, 0.4444269355150312628, 0.2599999999999999534 ) ) ;
#257 = ADVANCED_FACE ( 'NONE', ( #667 ), #388, .F. ) ;
#258 = CARTESIAN_POINT ( 'NONE',  ( 0.4197172416721425825, 0.4599560782211822851, -2.395758620178639999E-05 ) ) ;
#259 = EDGE_CURVE ( 'NONE', #1197, #1050, #633, .T. ) ;
#260 = EDGE_LOOP ( 'NONE', ( #1978, #477, #2423, #2662 ) ) ;
#261 = LINE ( 'NONE', #2508, #2499 ) ;
#262 = DIRECTION ( 'NONE',  ( -0.9659258262890690894, -0.2588190451025181860, -0.000000000000000000 ) ) ;
#263 = EDGE_CURVE ( 'NONE', #2251, #1261, #2082, .T. ) ;
#264 = ORIENTED_EDGE ( 'NONE', *, *, #1307, .F. ) ;
#265 = DIRECTION ( 'NONE',  ( 0.9659258262890689783, -0.2588190451025181305, -0.000000000000000000 ) ) ;
#266 = DIRECTION ( 'NONE',  ( 1.000000000000000000, -0.000000000000000000, 0.000000000000000000 ) ) ;
#267 = AXIS2_PLACEMENT_3D ( 'NONE', #1896, #2476, #228 ) ;
#268 = CARTESIAN_POINT ( 'NONE',  ( 0.5163098243010494359, 0.4340741737109304887, -0.03418907816250330717 ) ) ;
#269 = CARTESIAN_POINT ( 'NONE',  ( 0.4090266881428627488, 0.1882361909794963151, -0.2999999999999999889 ) ) ;
#270 = DIRECTION ( 'NONE',  ( 0.2588190451025180194, 0.9659258262890689783, 0.000000000000000000 ) ) ;
#271 = EDGE_CURVE ( 'NONE', #2695, #1234, #2930, .T. ) ;
#272 = AXIS2_PLACEMENT_3D ( 'NONE', #1744, #3181, #666 ) ;
#273 = EDGE_LOOP ( 'NONE', ( #651, #1286, #1934, #2396 ) ) ;
#274 = PLANE ( 'NONE',  #1731 ) ;
#275 = CARTESIAN_POINT ( 'NONE',  ( 0.000000000000000000, 0.000000000000000000, 0.2999999999999999889 ) ) ;
#276 = CARTESIAN_POINT ( 'NONE',  ( 0.000000000000000000, 0.000000000000000000, 0.000000000000000000 ) ) ;
#277 = ORIENTED_EDGE ( 'NONE', *, *, #984, .T. ) ;
#278 = EDGE_CURVE ( 'NONE', #2234, #1045, #440, .T. ) ;
#279 = VECTOR ( 'NONE', #2924, 39.37007874015748143 ) ;
#280 = LINE ( 'NONE', #3473, #1907 ) ;
#281 = CYLINDRICAL_SURFACE ( 'NONE', #1644, 0.03999999999999998695 ) ;
#282 = EDGE_CURVE ( 'NONE', #1187, #61, #2414, .T. ) ;
#283 = ORIENTED_EDGE ( 'NONE', *, *, #178, .T. ) ;
#284 = ORIENTED_EDGE ( 'NONE', *, *, #259, .T. ) ;
#285 = DIRECTION ( 'NONE',  ( -0.2588190451025196848, -0.9659258262890686453, 0.000000000000000000 ) ) ;
#286 = EDGE_CURVE ( 'NONE', #719, #3141, #453, .T. ) ;
#287 = CARTESIAN_POINT ( 'NONE',  ( -0.9953108814545231775, 2.376278588093170274, 0.2341890781625032281 ) ) ;
#288 = CARTESIAN_POINT ( 'NONE',  ( 0.5163098243010495469, 0.4340741737109306553, 0.1000000000000003109 ) ) ;
#289 = LINE ( 'NONE', #89, #3192 ) ;
#290 = ORIENTED_EDGE ( 'NONE', *, *, #1566, .T. ) ;
#291 = ADVANCED_FACE ( 'NONE', ( #1559 ), #690, .F. ) ;
#292 = ORIENTED_EDGE ( 'NONE', *, *, #2578, .T. ) ;
#293 = DIRECTION ( 'NONE',  ( 0.2588190451025187966, -0.9659258262890686453, 0.000000000000000000 ) ) ;
#294 = VECTOR ( 'NONE', #653, 39.37007874015748143 ) ;
#295 = EDGE_CURVE ( 'NONE', #1361, #597, #1013, .T. ) ;
#296 = DIRECTION ( 'NONE',  ( 0.9659258262890690894, -0.2588190451025180749, -0.000000000000000000 ) ) ;
#297 = VERTEX_POINT ( 'NONE', #3252 ) ;
#298 = FACE_OUTER_BOUND ( 'NONE', #2286, .T. ) ;
#299 = DIRECTION ( 'NONE',  ( -0.9659258262890690894, 0.2588190451025180749, 0.000000000000000000 ) ) ;
#300 = ORIENTED_EDGE ( 'NONE', *, *, #3, .T. ) ;
#301 = ORIENTED_EDGE ( 'NONE', *, *, #2596, .T. ) ;
#302 = CARTESIAN_POINT ( 'NONE',  ( -0.4090266881428627488, 0.1882361909794962873, -0.2999999999999999889 ) ) ;
#303 = VECTOR ( 'NONE', #337, 39.37007874015748143 ) ;
#304 = DIRECTION ( 'NONE',  ( 0.000000000000000000, 0.000000000000000000, 1.000000000000000000 ) ) ;
#305 = DIRECTION ( 'NONE',  ( -0.9659258262890690894, 0.2588190451025180749, 0.000000000000000000 ) ) ;
#306 = FACE_OUTER_BOUND ( 'NONE', #3043, .T. ) ;
#307 = CIRCLE ( 'NONE', #606, 0.03999999999999993838 ) ;
#308 = VERTEX_POINT ( 'NONE', #2944 ) ;
#309 = ORIENTED_EDGE ( 'NONE', *, *, #2329, .F. ) ;
#310 = FACE_OUTER_BOUND ( 'NONE', #2681, .T. ) ;
#311 = FACE_OUTER_BOUND ( 'NONE', #2039, .T. ) ;
#312 = CIRCLE ( 'NONE', #2077, 0.1000239575862020835 ) ;
#313 = AXIS2_PLACEMENT_3D ( 'NONE', #2573, #626, #55 ) ;
#314 = CIRCLE ( 'NONE', #2665, 0.03999999999999998695 ) ;
#315 = ORIENTED_EDGE ( 'NONE', *, *, #1040, .T. ) ;
#316 = LINE ( 'NONE', #3586, #1439 ) ;
#317 = CARTESIAN_POINT ( 'NONE',  ( 0.4090266881428627488, 0.1882361909794962873, 0.2999999999999999889 ) ) ;
#318 = EDGE_CURVE ( 'NONE', #2869, #686, #3201, .T. ) ;
#319 = ORIENTED_EDGE ( 'NONE', *, *, #1536, .F. ) ;
#320 = VERTEX_POINT ( 'NONE', #1542 ) ;
#321 = LINE ( 'NONE', #122, #3031 ) ;
#322 = ORIENTED_EDGE ( 'NONE', *, *, #12, .F. ) ;
#323 = AXIS2_PLACEMENT_3D ( 'NONE', #1016, #2139, #3256 ) ;
#324 = EDGE_CURVE ( 'NONE', #2653, #2780, #2683, .T. ) ;
#325 = CARTESIAN_POINT ( 'NONE',  ( -0.3999999999999999667, 0.000000000000000000, -0.2999999999999999889 ) ) ;
#326 = AXIS2_PLACEMENT_3D ( 'NONE', #94, #2629, #3430 ) ;
#327 = DIRECTION ( 'NONE',  ( 0.2588190451025180194, -0.9659258262890689783, 0.000000000000000000 ) ) ;
#328 = DIRECTION ( 'NONE',  ( 0.2588190451025180194, 0.9659258262890689783, 0.000000000000000000 ) ) ;
#329 = AXIS2_PLACEMENT_3D ( 'NONE', #1980, #247, #2497 ) ;
#330 = ORIENTED_EDGE ( 'NONE', *, *, #728, .F. ) ;
#331 = ORIENTED_EDGE ( 'NONE', *, *, #685, .T. ) ;
#332 = DIRECTION ( 'NONE',  ( -0.2588190451025180194, 0.9659258262890689783, 0.000000000000000000 ) ) ;
#333 = CIRCLE ( 'NONE', #3615, 0.2400000000000000466 ) ;
#334 = DIRECTION ( 'NONE',  ( -0.2588190451025196848, -0.9659258262890686453, 0.000000000000000000 ) ) ;
#335 = ORIENTED_EDGE ( 'NONE', *, *, #1782, .F. ) ;
#336 = CARTESIAN_POINT ( 'NONE',  ( 0.4673200294453858650, 0.4057899024634684659, -0.03418907816250330717 ) ) ;
#337 = DIRECTION ( 'NONE',  ( -0.000000000000000000, -0.000000000000000000, 1.000000000000000000 ) ) ;
#338 = EDGE_CURVE ( 'NONE', #2645, #1763, #1835, .T. ) ;
#339 = FACE_OUTER_BOUND ( 'NONE', #930, .T. ) ;
#340 = VECTOR ( 'NONE', #34, 39.37007874015748854 ) ;
#341 = ORIENTED_EDGE ( 'NONE', *, *, #2979, .F. ) ;
#342 = DIRECTION ( 'NONE',  ( -0.9659258262890690894, 0.2588190451025180749, 0.000000000000000000 ) ) ;
#343 = VERTEX_POINT ( 'NONE', #3507 ) ;
#344 = LINE ( 'NONE', #1448, #613 ) ;
#345 = CARTESIAN_POINT ( 'NONE',  ( -1.023595152701985089, 2.327288793237506592, -0.05999999999999984512 ) ) ;
#346 = EDGE_CURVE ( 'NONE', #2298, #614, #3321, .T. ) ;
#347 = ORIENTED_EDGE ( 'NONE', *, *, #1637, .T. ) ;
#348 = ORIENTED_EDGE ( 'NONE', *, *, #934, .F. ) ;
#349 = CARTESIAN_POINT ( 'NONE',  ( 0.2158415228850488754, 0.2399999999999999634, 0.2999999999999999889 ) ) ;
#350 = DIRECTION ( 'NONE',  ( 0.9659258262890689783, 0.2588190451025181305, 0.000000000000000000 ) ) ;
#351 = AXIS2_PLACEMENT_3D ( 'NONE', #288, #1406, #1426 ) ;
#352 = ORIENTED_EDGE ( 'NONE', *, *, #2565, .F. ) ;
#353 = CARTESIAN_POINT ( 'NONE',  ( -0.4197172416721425825, 0.4599560782211822851, -0.03418907816250330717 ) ) ;
#354 = CARTESIAN_POINT ( 'NONE',  ( 0.2158415228850488199, 8.537024980200822558E-18, -0.2999999999999999889 ) ) ;
#355 = VECTOR ( 'NONE', #2098, 39.37007874015748143 ) ;
#356 = CARTESIAN_POINT ( 'NONE',  ( 0.4776727912494866390, 0.4444269355150312628, 0.2341890781625039497 ) ) ;
#357 = ORIENTED_EDGE ( 'NONE', *, *, #2816, .T. ) ;
#358 = CARTESIAN_POINT ( 'NONE',  ( 0.9373553318771791210, 2.391807730799321519, -2.395758620164980746E-05 ) ) ;
#359 = ORIENTED_EDGE ( 'NONE', *, *, #3384, .T. ) ;
#360 = AXIS2_PLACEMENT_3D ( 'NONE', #754, #1320, #1612 ) ;
#361 = CARTESIAN_POINT ( 'NONE',  ( -0.4776727912494866390, 0.4444269355150312628, -0.03418907816250334186 ) ) ;
#362 = LINE ( 'NONE', #467, #355 ) ;
#363 = CARTESIAN_POINT ( 'NONE',  ( 0.000000000000000000, 0.000000000000000000, 0.2999999999999999889 ) ) ;
#364 = ORIENTED_EDGE ( 'NONE', *, *, #2867, .T. ) ;
#365 = ORIENTED_EDGE ( 'NONE', *, *, #1672, .T. ) ;
#366 = CYLINDRICAL_SURFACE ( 'NONE', #3030, 0.03999999999999993838 ) ;
#367 = DIRECTION ( 'NONE',  ( 0.000000000000000000, 0.000000000000000000, 1.000000000000000000 ) ) ;
#368 = ORIENTED_EDGE ( 'NONE', *, *, #421, .F. ) ;
#369 = EDGE_CURVE ( 'NONE', #255, #2094, #1853, .T. ) ;
#370 = DIRECTION ( 'NONE',  ( -0.9659258262890689783, 0.2588190451025181305, 0.000000000000000000 ) ) ;
#371 = VECTOR ( 'NONE', #707, 39.37007874015748143 ) ;
#372 = DIRECTION ( 'NONE',  ( -0.2588190451025181305, 0.9659258262890689783, 0.000000000000000000 ) ) ;
#373 = VECTOR ( 'NONE', #936, 39.37007874015748143 ) ;
#374 = ADVANCED_FACE ( 'NONE', ( #1779 ), #2736, .T. ) ;
#375 = ORIENTED_EDGE ( 'NONE', *, *, #3574, .T. ) ;
#376 = DIRECTION ( 'NONE',  ( -0.9659258262890689783, 0.2588190451025180194, 0.000000000000000000 ) ) ;
#377 = EDGE_CURVE ( 'NONE', #1391, #1045, #1596, .T. ) ;
#378 = ORIENTED_EDGE ( 'NONE', *, *, #2611, .F. ) ;
#379 = LINE ( 'NONE', #2072, #638 ) ;
#380 = CARTESIAN_POINT ( 'NONE',  ( 0.4776727912494866390, 0.4444269355150312073, -0.05999999999999931777 ) ) ;
#381 = DIRECTION ( 'NONE',  ( -0.9659258262890690894, 0.2588190451025180749, 0.000000000000000000 ) ) ;
#382 = CIRCLE ( 'NONE', #3549, 0.1000239575862020835 ) ;
#383 = ORIENTED_EDGE ( 'NONE', *, *, #3519, .T. ) ;
#384 = VERTEX_POINT ( 'NONE', #2772 ) ;
#385 = CIRCLE ( 'NONE', #1325, 0.03999999999999998695 ) ;
#386 = CARTESIAN_POINT ( 'NONE',  ( -1.005663643258623674, 2.414915621144733127, -0.03418907816250382065 ) ) ;
#387 = EDGE_CURVE ( 'NONE', #343, #2954, #2697, .T. ) ;
#388 = CYLINDRICAL_SURFACE ( 'NONE', #2333, 0.03999999999999998695 ) ;
#389 = CARTESIAN_POINT ( 'NONE',  ( -0.3613629669484372253, 0.01035276180410072376, 0.2999999999999999889 ) ) ;
#390 = ORIENTED_EDGE ( 'NONE', *, *, #2959, .F. ) ;
#391 = AXIS2_PLACEMENT_3D ( 'NONE', #1844, #2107, #2459 ) ;
#392 = CARTESIAN_POINT ( 'NONE',  ( -0.9953108814545228444, 2.376278588093169830, 0.09999999999999970024 ) ) ;
#393 = FACE_OUTER_BOUND ( 'NONE', #890, .T. ) ;
#394 = ORIENTED_EDGE ( 'NONE', *, *, #3528, .F. ) ;
#395 = EDGE_CURVE ( 'NONE', #1343, #911, #2185, .T. ) ;
#396 = ORIENTED_EDGE ( 'NONE', *, *, #2084, .T. ) ;
#397 = PLANE ( 'NONE',  #2452 ) ;
#398 = EDGE_CURVE ( 'NONE', #939, #2104, #2166, .T. ) ;
#399 = ORIENTED_EDGE ( 'NONE', *, *, #984, .F. ) ;
#400 = CARTESIAN_POINT ( 'NONE',  ( -1.044300676310186526, 2.404562859340632297, 0.2341890781625032281 ) ) ;
#401 = DIRECTION ( 'NONE',  ( 0.000000000000000000, 0.000000000000000000, 1.000000000000000000 ) ) ;
#402 = CARTESIAN_POINT ( 'NONE',  ( -1.059856896735068776, 2.617167596546287278, 0.2999999999999999889 ) ) ;
#403 = ADVANCED_FACE ( 'NONE', ( #755 ), #236, .T. ) ;
#404 = EDGE_LOOP ( 'NONE', ( #2668, #2708, #814, #2426 ) ) ;
#405 = ORIENTED_EDGE ( 'NONE', *, *, #1810, .F. ) ;
#406 = CARTESIAN_POINT ( 'NONE',  ( -1.033947914506085919, 2.365925826289069889, 0.2999999999999999889 ) ) ;
#407 = DIRECTION ( 'NONE',  ( -0.000000000000000000, -0.000000000000000000, -1.000000000000000000 ) ) ;
#408 = DIRECTION ( 'NONE',  ( -0.000000000000000000, -0.000000000000000000, -1.000000000000000000 ) ) ;
#409 = EDGE_CURVE ( 'NONE', #3307, #1419, #1102, .T. ) ;
#410 = ORIENTED_EDGE ( 'NONE', *, *, #2368, .F. ) ;
#411 = FACE_OUTER_BOUND ( 'NONE', #563, .T. ) ;
#412 = EDGE_CURVE ( 'NONE', #3465, #1634, #2995, .T. ) ;
#413 = FACE_OUTER_BOUND ( 'NONE', #712, .T. ) ;
#414 = VERTEX_POINT ( 'NONE', #2483 ) ;
#415 = LINE ( 'NONE', #2900, #3146 ) ;
#416 = VECTOR ( 'NONE', #582, 39.37007874015748854 ) ;
#417 = ORIENTED_EDGE ( 'NONE', *, *, #1520, .F. ) ;
#418 = FILL_AREA_STYLE ('',( #2939 ) ) ;
#419 = ADVANCED_FACE ( 'NONE', ( #474 ), #773, .T. ) ;
#420 = FACE_OUTER_BOUND ( 'NONE', #3066, .T. ) ;
#421 = EDGE_CURVE ( 'NONE', #2217, #3224, #1340, .T. ) ;
#422 = VERTEX_POINT ( 'NONE', #2449 ) ;
#423 = ORIENTED_EDGE ( 'NONE', *, *, #520, .F. ) ;
#424 = DIRECTION ( 'NONE',  ( 0.9659258262890689783, 0.2588190451025180194, -0.000000000000000000 ) ) ;
#425 = DIRECTION ( 'NONE',  ( 0.9659258262890690894, -0.2588190451025181860, -0.000000000000000000 ) ) ;
#426 = ORIENTED_EDGE ( 'NONE', *, *, #757, .T. ) ;
#427 = CARTESIAN_POINT ( 'NONE',  ( -0.9953108814545231775, 2.376278588093170274, 0.2599999999999999534 ) ) ;
#428 = VECTOR ( 'NONE', #611, 39.37007874015748854 ) ;
#429 = DIRECTION ( 'NONE',  ( -0.9659258262890690894, 0.2588190451025180749, 0.000000000000000000 ) ) ;
#430 = CIRCLE ( 'NONE', #2488, 0.1000239575862020974 ) ;
#431 = VERTEX_POINT ( 'NONE', #252 ) ;
#432 = DIRECTION ( 'NONE',  ( -0.000000000000000000, -0.000000000000000000, 1.000000000000000000 ) ) ;
#433 = EDGE_CURVE ( 'NONE', #1774, #1557, #2081, .T. ) ;
#434 = VECTOR ( 'NONE', #2667, 39.37007874015748143 ) ;
#435 = ORIENTED_EDGE ( 'NONE', *, *, #2785, .T. ) ;
#436 = LINE ( 'NONE', #3007, #510 ) ;
#437 = DIRECTION ( 'NONE',  ( 0.2588190451025180194, 0.9659258262890689783, 0.000000000000000000 ) ) ;
#438 = ORIENTED_EDGE ( 'NONE', *, *, #927, .F. ) ;
#439 = ORIENTED_EDGE ( 'NONE', *, *, #609, .T. ) ;
#440 = LINE ( 'NONE', #95, #1859 ) ;
#441 = LINE ( 'NONE', #2415, #2717 ) ;
#442 = CIRCLE ( 'NONE', #3259, 0.03999999999999993838 ) ;
#443 = ORIENTED_EDGE ( 'NONE', *, *, #833, .T. ) ;
#444 = CYLINDRICAL_SURFACE ( 'NONE', #323, 0.1999999999999999001 ) ;
#445 = FACE_OUTER_BOUND ( 'NONE', #2817, .T. ) ;
#446 = ADVANCED_FACE ( 'NONE', ( #2152 ), #3012, .T. ) ;
#447 = AXIS2_PLACEMENT_3D ( 'NONE', #800, #1711, #577 ) ;
#448 = EDGE_LOOP ( 'NONE', ( #2608, #1733, #2965, #2826, #1987, #1957, #2808, #1129, #3513, #1346, #3635, #2014, #2839, #1743, #697, #2303, #1817, #2938, #1930, #1095, #3501, #1585, #1839 ) ) ;
#449 = CARTESIAN_POINT ( 'NONE',  ( -0.9953108814545228444, 2.376278588093170274, 0.2999999999999999889 ) ) ;
#450 = EDGE_CURVE ( 'NONE', #1652, #3310, #1722, .T. ) ;
#451 = AXIS2_PLACEMENT_3D ( 'NONE', #2971, #1590, #487 ) ;
#452 = VERTEX_POINT ( 'NONE', #220 ) ;
#453 = CIRCLE ( 'NONE', #923, 0.03999999999999993838 ) ;
#454 = DIRECTION ( 'NONE',  ( -0.9659258262890690894, 0.2588190451025180749, 0.000000000000000000 ) ) ;
#455 = EDGE_CURVE ( 'NONE', #3506, #1966, #2018, .T. ) ;
#456 = DIRECTION ( 'NONE',  ( -0.2588190451025180194, 0.9659258262890689783, 0.000000000000000000 ) ) ;
#457 = ORIENTED_EDGE ( 'NONE', *, *, #1315, .F. ) ;
#458 = COLOUR_RGB ( '',0.7921568627450980005, 0.8196078431372548767, 0.9333333333333333481 ) ;
#459 = DIRECTION ( 'NONE',  ( -0.9659258262890690894, -0.2588190451025180749, 0.000000000000000000 ) ) ;
#460 = DIRECTION ( 'NONE',  ( 0.000000000000000000, 0.000000000000000000, -1.000000000000000000 ) ) ;
#461 = DIRECTION ( 'NONE',  ( 0.2588190451025175198, -0.9659258262890690894, 0.000000000000000000 ) ) ;
#462 = ORIENTED_EDGE ( 'NONE', *, *, #1272, .T. ) ;
#463 = DIRECTION ( 'NONE',  ( 0.9659258262890690894, 0.2588190451025180749, -0.000000000000000000 ) ) ;
#464 = CARTESIAN_POINT ( 'NONE',  ( -0.4476637211944254902, 0.1778834291753955410, 0.2999999999999999889 ) ) ;
#465 = ORIENTED_EDGE ( 'NONE', *, *, #1297, .T. ) ;
#466 = CARTESIAN_POINT ( 'NONE',  ( -0.5266625861051501545, 0.4727112067624932301, -0.05999999999999931777 ) ) ;
#467 = CARTESIAN_POINT ( 'NONE',  ( 0.4776727912494866390, 0.4444269355150312628, 0.2999999999999999889 ) ) ;
#468 = VERTEX_POINT ( 'NONE', #531 ) ;
#469 = FACE_OUTER_BOUND ( 'NONE', #2113, .T. ) ;
#470 = CIRCLE ( 'NONE', #945, 0.1000239575862020974 ) ;
#471 = DIRECTION ( 'NONE',  ( -0.9659258262890690894, -0.2588190451025181860, 0.000000000000000000 ) ) ;
#472 = EDGE_LOOP ( 'NONE', ( #2486, #2357, #3125, #2784 ) ) ;
#473 = CARTESIAN_POINT ( 'NONE',  ( 0.9447506678285710890, 2.419407500308957459, 0.004144098666866584228 ) ) ;
#474 = FACE_OUTER_BOUND ( 'NONE', #928, .T. ) ;
#475 = CARTESIAN_POINT ( 'NONE',  ( -1.005663643258623674, 2.414915621144733127, 0.2999999999999999889 ) ) ;
#476 = AXIS2_PLACEMENT_3D ( 'NONE', #2393, #2353, #2111 ) ;
#477 = ORIENTED_EDGE ( 'NONE', *, *, #178, .F. ) ;
#478 = DIRECTION ( 'NONE',  ( 0.9659258262890690894, -0.2588190451025180749, -0.000000000000000000 ) ) ;
#479 = VECTOR ( 'NONE', #1278, 39.37007874015748854 ) ;
#480 =( NAMED_UNIT ( * ) SI_UNIT ( $, .STERADIAN. ) SOLID_ANGLE_UNIT ( ) );
#481 = ADVANCED_FACE ( 'NONE', ( #2205 ), #811, .F. ) ;
#482 = VERTEX_POINT ( 'NONE', #185 ) ;
#483 = CARTESIAN_POINT ( 'NONE',  ( 0.5163098243010494359, 0.4340741737109304887, 0.2599999999999999534 ) ) ;
#484 = CARTESIAN_POINT ( 'NONE',  ( 0.4093644798680418639, 0.4213190451696195438, 0.2341890781625039497 ) ) ;
#485 = EDGE_LOOP ( 'NONE', ( #3288, #1755, #3100, #2512 ) ) ;
#486 = AXIS2_PLACEMENT_3D ( 'NONE', #2220, #788, #1868 ) ;
#487 = DIRECTION ( 'NONE',  ( 0.2588190451025180749, -0.9659258262890689783, 0.000000000000000000 ) ) ;
#488 = EDGE_CURVE ( 'NONE', #2342, #804, #146, .T. ) ;
#489 = VECTOR ( 'NONE', #828, 39.37007874015748854 ) ;
#490 = DIRECTION ( 'NONE',  ( -1.000000000000000000, 0.000000000000000000, 0.000000000000000000 ) ) ;
#491 = CIRCLE ( 'NONE', #2079, 0.03999999999999993838 ) ;
#492 = ORIENTED_EDGE ( 'NONE', *, *, #409, .F. ) ;
#493 = DIRECTION ( 'NONE',  ( -0.9659258262890690894, 0.2588190451025180749, 0.000000000000000000 ) ) ;
#494 = DIRECTION ( 'NONE',  ( 0.2588190451025187411, -0.9659258262890688673, 0.000000000000000000 ) ) ;
#495 = EDGE_CURVE ( 'NONE', #3310, #2458, #3137, .T. ) ;
#496 = DIRECTION ( 'NONE',  ( -0.9659258262890689783, 0.2588190451025180194, 0.000000000000000000 ) ) ;
#497 = ORIENTED_EDGE ( 'NONE', *, *, #1276, .T. ) ;
#498 = CARTESIAN_POINT ( 'NONE',  ( -0.9373553318771790099, 2.391807730799320630, 0.09999999999999970024 ) ) ;
#499 = CARTESIAN_POINT ( 'NONE',  ( 0.4776727912494866390, 0.4444269355150312628, 0.2999999999999999889 ) ) ;
#500 = VECTOR ( 'NONE', #3547, 39.37007874015748143 ) ;
#501 = LINE ( 'NONE', #818, #1803 ) ;
#502 = ORIENTED_EDGE ( 'NONE', *, *, #770, .T. ) ;
#503 = DIRECTION ( 'NONE',  ( 0.2588190451025180194, 0.9659258262890689783, -0.000000000000000000 ) ) ;
#504 = AXIS2_PLACEMENT_3D ( 'NONE', #1706, #1235, #1726 ) ;
#505 = DIRECTION ( 'NONE',  ( 0.9659258262890690894, -0.2588190451025180749, -0.000000000000000000 ) ) ;
#506 = ADVANCED_FACE ( 'NONE', ( #861 ), #1156, .F. ) ;
#507 = VECTOR ( 'NONE', #376, 39.37007874015748854 ) ;
#508 = ORIENTED_EDGE ( 'NONE', *, *, #2884, .F. ) ;
#509 = CYLINDRICAL_SURFACE ( 'NONE', #451, 0.1999999999999999001 ) ;
#510 = VECTOR ( 'NONE', #2441, 39.37007874015748854 ) ;
#511 = ADVANCED_FACE ( 'NONE', ( #1118 ), #2865, .F. ) ;
#512 = LINE ( 'NONE', #1630, #3011 ) ;
#513 = CARTESIAN_POINT ( 'NONE',  ( 0.9849581196504222369, 2.337641555041607422, -0.05999999999999984512 ) ) ;
#514 = EDGE_CURVE ( 'NONE', #2458, #1767, #344, .T. ) ;
#515 = DIRECTION ( 'NONE',  ( 0.9659258262890690894, 0.2588190451025180749, -0.000000000000000000 ) ) ;
#516 = LINE ( 'NONE', #3285, #732 ) ;
#517 = VERTEX_POINT ( 'NONE', #2823 ) ;
#518 = CYLINDRICAL_SURFACE ( 'NONE', #2392, 0.03999999999999998695 ) ;
#519 = DIRECTION ( 'NONE',  ( 0.9659258262890689783, 0.2588190451025181305, 0.000000000000000000 ) ) ;
#520 = EDGE_CURVE ( 'NONE', #1391, #1752, #3480, .T. ) ;
#521 = ORIENTED_EDGE ( 'NONE', *, *, #3039, .F. ) ;
#522 = CARTESIAN_POINT ( 'NONE',  ( 0.9447506678285710890, 2.419407500308957015, 0.1958559013331328258 ) ) ;
#523 = DIRECTION ( 'NONE',  ( -0.2588190451025176864, -0.9659258262890692004, 0.000000000000000000 ) ) ;
#524 = VERTEX_POINT ( 'NONE', #1740 ) ;
#525 = LINE ( 'NONE', #1443, #2034 ) ;
#526 = CARTESIAN_POINT ( 'NONE',  ( 0.5163098243010494359, 0.4340741737109304887, 0.2000239575862024222 ) ) ;
#527 = CIRCLE ( 'NONE', #2413, 0.2400000000000000466 ) ;
#528 = EDGE_CURVE ( 'NONE', #2150, #2889, #314, .T. ) ;
#529 = CARTESIAN_POINT ( 'NONE',  ( -0.2158415228850489032, 0.2399999999999999079, -0.2999999999999999889 ) ) ;
#530 = AXIS2_PLACEMENT_3D ( 'NONE', #1956, #2253, #523 ) ;
#531 = CARTESIAN_POINT ( 'NONE',  ( -0.4904217191112139607, 0.3374584498307756086, 0.1000000000000003109 ) ) ;
#532 = FACE_OUTER_BOUND ( 'NONE', #1531, .T. ) ;
#533 = EDGE_CURVE ( 'NONE', #2330, #1901, #3133, .T. ) ;
#534 = ORIENTED_EDGE ( 'NONE', *, *, #2816, .F. ) ;
#535 = CARTESIAN_POINT ( 'NONE',  ( 0.9953108814545228444, 2.376278588093169830, 0.09999999999999970024 ) ) ;
#536 = EDGE_CURVE ( 'NONE', #2397, #308, #2315, .T. ) ;
#537 = CARTESIAN_POINT ( 'NONE',  ( 0.000000000000000000, 0.04000000000000000083, 0.2999999999999999889 ) ) ;
#538 = VECTOR ( 'NONE', #790, 39.37007874015748854 ) ;
#539 = CIRCLE ( 'NONE', #896, 0.03999999999999993838 ) ;
#540 = PRODUCT_CONTEXT ( 'NONE', #1625, 'mechanical' ) ;
#541 = ORIENTED_EDGE ( 'NONE', *, *, #3492, .F. ) ;
#542 = DIRECTION ( 'NONE',  ( -0.9659258262890689783, 0.2588190451025181305, 0.000000000000000000 ) ) ;
#543 = CARTESIAN_POINT ( 'NONE',  ( 0.4776727912494866390, 0.4444269355150313183, 0.1000000000000003109 ) ) ;
#544 = ORIENTED_EDGE ( 'NONE', *, *, #1049, .T. ) ;
#545 = CARTESIAN_POINT ( 'NONE',  ( -1.044300676310186526, 2.404562859340632297, -0.03418907816250382065 ) ) ;
#546 = EDGE_CURVE ( 'NONE', #1546, #1128, #2519, .T. ) ;
#547 = AXIS2_PLACEMENT_3D ( 'NONE', #537, #1330, #1071 ) ;
#548 = DIRECTION ( 'NONE',  ( -0.000000000000000000, -0.000000000000000000, -1.000000000000000000 ) ) ;
#549 = FACE_OUTER_BOUND ( 'NONE', #3484, .T. ) ;
#550 = CLOSED_SHELL ( 'NONE', ( #2755, #2472, #3489, #1950, #2118, #2838, #2730, #1440, #3115, #1162, #2059, #993, #2054, #1158, #2092, #2490, #1062, #72, #2246, #3109, #2726, #1669, #156, #601, #3410, #221, #2086, #3260, #3270, #2332, #2464, #3366, #3589, #1224, #2216, #226, #3499, #2604, #3543, #2304, #1867, #3205, #1789, #1538, #419, #2743, #3377, #1482, #1960, #1189, #2992, #506, #136, #2710, #3216, #699, #127, #3539, #644, #3436 ) ) ;
#551 = DIRECTION ( 'NONE',  ( -0.2588190451025196848, -0.9659258262890686453, 0.000000000000000000 ) ) ;
#552 = DIRECTION ( 'NONE',  ( -0.2588190451025181305, -0.9659258262890689783, 0.000000000000000000 ) ) ;
#553 = ORIENTED_EDGE ( 'NONE', *, *, #3001, .T. ) ;
#554 = PLANE ( 'NONE',  #2673 ) ;
#555 = EDGE_CURVE ( 'NONE', #3112, #384, #3390, .T. ) ;
#556 = DIRECTION ( 'NONE',  ( -0.9659258262890689783, 0.2588190451025181305, 0.000000000000000000 ) ) ;
#557 = EDGE_LOOP ( 'NONE', ( #2555, #3541, #3564, #738 ) ) ;
#558 = CARTESIAN_POINT ( 'NONE',  ( 0.3999999999999999667, 0.000000000000000000, 0.2999999999999999889 ) ) ;
#559 = DIRECTION ( 'NONE',  ( 0.9659258262890690894, -0.2588190451025180749, -0.000000000000000000 ) ) ;
#560 = EDGE_CURVE ( 'NONE', #1695, #1429, #3370, .T. ) ;
#561 = CIRCLE ( 'NONE', #2557, 0.03999999999999993838 ) ;
#562 = ORIENTED_EDGE ( 'NONE', *, *, #520, .T. ) ;
#563 = EDGE_LOOP ( 'NONE', ( #3476, #2809, #1762, #438 ) ) ;
#564 = DIRECTION ( 'NONE',  ( 0.000000000000000000, 0.000000000000000000, -1.000000000000000000 ) ) ;
#565 = DIRECTION ( 'NONE',  ( -0.9659258262890690894, -0.2588190451025180749, 0.000000000000000000 ) ) ;
#566 = CIRCLE ( 'NONE', #858, 0.1999999999999999001 ) ;
#567 = CARTESIAN_POINT ( 'NONE',  ( -0.5163098243010494359, 0.4340741737109306553, -0.05999999999999946348 ) ) ;
#568 = EDGE_CURVE ( 'NONE', #2780, #2282, #3517, .T. ) ;
#569 = CARTESIAN_POINT ( 'NONE',  ( 0.5266625861051501545, 0.4727112067624936187, -0.05999999999999931777 ) ) ;
#570 = CARTESIAN_POINT ( 'NONE',  ( -0.4673200294453858650, 0.4057899024634684659, -0.03418907816250330717 ) ) ;
#571 = ORIENTED_EDGE ( 'NONE', *, *, #3478, .F. ) ;
#572 = ORIENTED_EDGE ( 'NONE', *, *, #1186, .F. ) ;
#573 = CARTESIAN_POINT ( 'NONE',  ( 0.5059570624969486063, 0.3954371406593677474, -0.03418907816250330717 ) ) ;
#574 = PLANE ( 'NONE',  #547 ) ;
#575 = APPLICATION_PROTOCOL_DEFINITION ( 'draft international standard', 'automotive_design', 1998, #2684 ) ;
#576 = ORIENTED_EDGE ( 'NONE', *, *, #833, .F. ) ;
#577 = DIRECTION ( 'NONE',  ( -0.9659258262890689783, -0.2588190451025181305, 0.000000000000000000 ) ) ;
#578 = LINE ( 'NONE', #1658, #3338 ) ;
#579 = ORIENTED_EDGE ( 'NONE', *, *, #1332, .T. ) ;
#580 = ORIENTED_EDGE ( 'NONE', *, *, #387, .F. ) ;
#581 = CARTESIAN_POINT ( 'NONE',  ( -1.111620705755572258, 2.810352761804100208, 0.1000000000000000194 ) ) ;
#582 = DIRECTION ( 'NONE',  ( -0.2588190451025180194, 0.9659258262890689783, 0.000000000000000000 ) ) ;
#583 = FACE_OUTER_BOUND ( 'NONE', #835, .T. ) ;
#584 = CARTESIAN_POINT ( 'NONE',  ( 1.150257738807135111, 2.799999999999999822, -0.09999999999999999167 ) ) ;
#585 = VERTEX_POINT ( 'NONE', #2037 ) ;
#586 = VERTEX_POINT ( 'NONE', #1664 ) ;
#587 = DIRECTION ( 'NONE',  ( -1.000000000000000000, 0.000000000000000000, -0.000000000000000000 ) ) ;
#588 = VECTOR ( 'NONE', #1494, 39.37007874015748854 ) ;
#589 = DIRECTION ( 'NONE',  ( 0.2588190451025176864, -0.9659258262890692004, 0.000000000000000000 ) ) ;
#590 = AXIS2_PLACEMENT_3D ( 'NONE', #1101, #2571, #2805 ) ;
#591 = VERTEX_POINT ( 'NONE', #2260 ) ;
#592 = ORIENTED_EDGE ( 'NONE', *, *, #3515, .F. ) ;
#593 = DIRECTION ( 'NONE',  ( -0.9659258262890687563, -0.2588190451025187966, 0.000000000000000000 ) ) ;
#594 = DIRECTION ( 'NONE',  ( 0.9659258262890689783, 0.2588190451025181305, -0.000000000000000000 ) ) ;
#595 = EDGE_CURVE ( 'NONE', #1361, #1557, #2242, .T. ) ;
#596 = CARTESIAN_POINT ( 'NONE',  ( -0.2158415228850489032, 0.2399999999999999079, -0.2999999999999999889 ) ) ;
#597 = VERTEX_POINT ( 'NONE', #269 ) ;
#598 = CARTESIAN_POINT ( 'NONE',  ( 1.033947914506085697, 2.365925826289069001, 0.09999999999999970024 ) ) ;
#599 = PRESENTATION_LAYER_ASSIGNMENT (  '', '', ( #2183 ) ) ;
#600 = EDGE_LOOP ( 'NONE', ( #571, #1333, #2858, #3105 ) ) ;
#601 = ADVANCED_FACE ( 'NONE', ( #583 ), #844, .F. ) ;
#602 = CARTESIAN_POINT ( 'NONE',  ( 0.4673200294453858650, 0.4057899024634684659, 0.2599999999999999534 ) ) ;
#603 = VECTOR ( 'NONE', #191, 39.37007874015748854 ) ;
#604 = LINE ( 'NONE', #1721, #1292 ) ;
#605 = DIRECTION ( 'NONE',  ( 0.000000000000000000, 0.000000000000000000, -1.000000000000000000 ) ) ;
#606 = AXIS2_PLACEMENT_3D ( 'NONE', #2274, #2918, #1713 ) ;
#607 = EDGE_LOOP ( 'NONE', ( #3218, #3071, #656, #51 ) ) ;
#608 = ORIENTED_EDGE ( 'NONE', *, *, #3425, .T. ) ;
#609 = EDGE_CURVE ( 'NONE', #2733, #1576, #2757, .T. ) ;
#610 = CARTESIAN_POINT ( 'NONE',  ( 0.5089144883496575789, 0.4064744042012947145, 0.004144098666867062145 ) ) ;
#611 = DIRECTION ( 'NONE',  ( -0.9659258262890689783, 0.2588190451025180194, 0.000000000000000000 ) ) ;
#612 = AXIS2_PLACEMENT_3D ( 'NONE', #1780, #152, #722 ) ;
#613 = VECTOR ( 'NONE', #71, 39.37007874015748143 ) ;
#614 = VERTEX_POINT ( 'NONE', #3117 ) ;
#615 = CARTESIAN_POINT ( 'NONE',  ( -1.033947914506085919, 2.365925826289069889, -0.03418907816250395942 ) ) ;
#616 = CARTESIAN_POINT ( 'NONE',  ( 0.4197172416721425825, 0.4599560782211822851, 0.2341890781625039497 ) ) ;
#617 = DIRECTION ( 'NONE',  ( -0.9659258262890689783, 0.2588190451025180194, 0.000000000000000000 ) ) ;
#618 = ORIENTED_EDGE ( 'NONE', *, *, #3631, .F. ) ;
#619 = DIRECTION ( 'NONE',  ( 7.070542890854143516E-17, 2.638762530576288081E-16, 1.000000000000000000 ) ) ;
#620 = EDGE_CURVE ( 'NONE', #3485, #1994, #1642, .T. ) ;
#621 = EDGE_LOOP ( 'NONE', ( #2874, #705, #417, #2112 ) ) ;
#622 = AXIS2_PLACEMENT_3D ( 'NONE', #80, #2875, #1239 ) ;
#623 = EDGE_CURVE ( 'NONE', #3307, #2733, #604, .T. ) ;
#624 = LINE ( 'NONE', #2241, #1063 ) ;
#625 = DIRECTION ( 'NONE',  ( 0.2588190451025180194, 0.9659258262890689783, -0.000000000000000000 ) ) ;
#626 = DIRECTION ( 'NONE',  ( -0.9659258262890690894, 0.2588190451025180749, 0.000000000000000000 ) ) ;
#627 = AXIS2_PLACEMENT_3D ( 'NONE', #1004, #432, #731 ) ;
#628 = ORIENTED_EDGE ( 'NONE', *, *, #19, .T. ) ;
#629 = ORIENTED_EDGE ( 'NONE', *, *, #760, .T. ) ;
#630 = DIRECTION ( 'NONE',  ( 0.000000000000000000, 0.000000000000000000, -1.000000000000000000 ) ) ;
#631 = CARTESIAN_POINT ( 'NONE',  ( -0.4197172416721425825, 0.4599560782211822851, -2.395758620178639999E-05 ) ) ;
#632 = AXIS2_PLACEMENT_3D ( 'NONE', #2646, #133, #1251 ) ;
#633 = CIRCLE ( 'NONE', #2800, 0.1999999999999999001 ) ;
#634 = ORIENTED_EDGE ( 'NONE', *, *, #2168, .F. ) ;
#635 = CARTESIAN_POINT ( 'NONE',  ( -0.5163098243010495469, 0.4340741737109306553, 0.1000000000000003109 ) ) ;
#636 = CARTESIAN_POINT ( 'NONE',  ( 1.005663643258623896, 2.414915621144733571, 0.2999999999999999889 ) ) ;
#637 = DIRECTION ( 'NONE',  ( -1.000000000000000000, 0.000000000000000000, 0.000000000000000000 ) ) ;
#638 = VECTOR ( 'NONE', #991, 39.37007874015748854 ) ;
#639 = ORIENTED_EDGE ( 'NONE', *, *, #1685, .T. ) ;
#640 = CARTESIAN_POINT ( 'NONE',  ( 0.4776727912494866390, 0.4444269355150312628, 0.2999999999999999889 ) ) ;
#641 = EDGE_LOOP ( 'NONE', ( #3516, #819, #1804, #1139 ) ) ;
#642 = DIRECTION ( 'NONE',  ( 1.000000000000000000, 0.000000000000000000, 0.000000000000000000 ) ) ;
#643 = FACE_OUTER_BOUND ( 'NONE', #2632, .T. ) ;
#644 = ADVANCED_FACE ( 'NONE', ( #1335 ), #2460, .T. ) ;
#645 = ORIENTED_EDGE ( 'NONE', *, *, #3384, .F. ) ;
#646 = EDGE_LOOP ( 'NONE', ( #3626, #3581, #502, #1350 ) ) ;
#647 = CARTESIAN_POINT ( 'NONE',  ( 1.044300676310186526, 2.404562859340632297, 0.2341890781625032281 ) ) ;
#648 = EDGE_CURVE ( 'NONE', #61, #3255, #2640, .T. ) ;
#649 = DIRECTION ( 'NONE',  ( -0.2588190451025196848, -0.9659258262890686453, 1.067128122525104463E-14 ) ) ;
#650 = EDGE_CURVE ( 'NONE', #719, #3119, #3554, .T. ) ;
#651 = ORIENTED_EDGE ( 'NONE', *, *, #1132, .F. ) ;
#652 = DIRECTION ( 'NONE',  ( 0.2588190451025181860, -0.9659258262890689783, 0.000000000000000000 ) ) ;
#653 = DIRECTION ( 'NONE',  ( 0.000000000000000000, 0.000000000000000000, 1.000000000000000000 ) ) ;
#654 = AXIS2_PLACEMENT_3D ( 'NONE', #3293, #299, #2814 ) ;
#655 = CARTESIAN_POINT ( 'NONE',  ( 1.111620705755572258, 2.810352761804100208, -0.09999999999999985290 ) ) ;
#656 = ORIENTED_EDGE ( 'NONE', *, *, #1141, .T. ) ;
#657 = FACE_OUTER_BOUND ( 'NONE', #2003, .T. ) ;
#658 = EDGE_LOOP ( 'NONE', ( #112, #111, #2590, #2002 ) ) ;
#659 = AXIS2_PLACEMENT_3D ( 'NONE', #1371, #1906, #2427 ) ;
#660 = ADVANCED_FACE ( 'NONE', ( #1246 ), #3445, .T. ) ;
#661 = DIRECTION ( 'NONE',  ( -0.000000000000000000, -0.000000000000000000, -1.000000000000000000 ) ) ;
#662 = LINE ( 'NONE', #1772, #1005 ) ;
#663 = CARTESIAN_POINT ( 'NONE',  ( -1.005663643258623674, 2.414915621144733127, 0.2599999999999999534 ) ) ;
#664 = ORIENTED_EDGE ( 'NONE', *, *, #116, .F. ) ;
#665 = VERTEX_POINT ( 'NONE', #1501 ) ;
#666 = DIRECTION ( 'NONE',  ( 0.2588190451025196848, -0.9659258262890686453, 0.000000000000000000 ) ) ;
#667 = FACE_OUTER_BOUND ( 'NONE', #260, .T. ) ;
#668 = CARTESIAN_POINT ( 'NONE',  ( -0.4673200294453858650, 0.4057899024634684659, 0.2341890781625039497 ) ) ;
#669 = EDGE_CURVE ( 'NONE', #2928, #855, #2880, .T. ) ;
#670 = CIRCLE ( 'NONE', #2777, 0.1999999999999999001 ) ;
#671 = ORIENTED_EDGE ( 'NONE', *, *, #1199, .F. ) ;
#672 = EDGE_CURVE ( 'NONE', #2007, #2318, #527, .T. ) ;
#673 = DIRECTION ( 'NONE',  ( -0.9659258262890690894, 0.2588190451025180749, 0.000000000000000000 ) ) ;
#674 = VECTOR ( 'NONE', #2186, 39.37007874015748854 ) ;
#675 = DIRECTION ( 'NONE',  ( 0.2588190451025180194, 0.9659258262890689783, -2.731847993664262232E-16 ) ) ;
#676 = ORIENTED_EDGE ( 'NONE', *, *, #1413, .F. ) ;
#677 = ORIENTED_EDGE ( 'NONE', *, *, #3512, .T. ) ;
#678 = CARTESIAN_POINT ( 'NONE',  ( 0.9373553318771791210, 2.391807730799321519, -0.09999999999999985290 ) ) ;
#679 = ADVANCED_FACE ( 'NONE', ( #1813 ), #702, .F. ) ;
#680 = ORIENTED_EDGE ( 'NONE', *, *, #2618, .F. ) ;
#681 =( LENGTH_UNIT ( ) NAMED_UNIT ( * ) SI_UNIT ( $, .METRE. ) );
#682 = CARTESIAN_POINT ( 'NONE',  ( -0.3938291364823070517, 0.3633403543410274050, 0.1000000000000003109 ) ) ;
#683 = LINE ( 'NONE', #2641, #1476 ) ;
#684 = AXIS2_PLACEMENT_3D ( 'NONE', #2853, #2581, #964 ) ;
#685 = EDGE_CURVE ( 'NONE', #1576, #1336, #1057, .T. ) ;
#686 = VERTEX_POINT ( 'NONE', #3196 ) ;
#687 = ORIENTED_EDGE ( 'NONE', *, *, #2626, .F. ) ;
#688 = VECTOR ( 'NONE', #332, 39.37007874015748854 ) ;
#689 = DIRECTION ( 'NONE',  ( 0.000000000000000000, 0.000000000000000000, -1.000000000000000000 ) ) ;
#690 = PLANE ( 'NONE',  #3440 ) ;
#691 = DIRECTION ( 'NONE',  ( -0.2588190451025180194, 0.9659258262890689783, 0.000000000000000000 ) ) ;
#692 = VECTOR ( 'NONE', #2310, 39.37007874015748854 ) ;
#693 = ORIENTED_EDGE ( 'NONE', *, *, #2959, .T. ) ;
#694 = VECTOR ( 'NONE', #265, 39.37007874015748854 ) ;
#695 = DIRECTION ( 'NONE',  ( 0.000000000000000000, 0.000000000000000000, 1.000000000000000000 ) ) ;
#696 = CARTESIAN_POINT ( 'NONE',  ( 0.4673200294453859760, 0.4057899024634685770, 0.2999999999999999889 ) ) ;
#697 = ORIENTED_EDGE ( 'NONE', *, *, #2517, .F. ) ;
#698 = LINE ( 'NONE', #970, #692 ) ;
#699 = ADVANCED_FACE ( 'NONE', ( #2886 ), #955, .T. ) ;
#700 = ORIENTED_EDGE ( 'NONE', *, *, #1750, .T. ) ;
#701 = CARTESIAN_POINT ( 'NONE',  ( -0.5163098243010494359, 0.4340741737109304887, -0.03418907816250330717 ) ) ;
#702 = CYLINDRICAL_SURFACE ( 'NONE', #1001, 0.1000239575862020974 ) ;
#703 = CARTESIAN_POINT ( 'NONE',  ( -1.059856896735068776, 2.617167596546287722, -0.2999999999999999889 ) ) ;
#704 = EDGE_LOOP ( 'NONE', ( #2347, #1468, #1469, #2803, #2923, #846, #2951, #963, #1770, #2474, #202, #749, #592, #2254, #680, #3522, #1374, #1431, #1889, #1710, #2545, #2155, #1533 ) ) ;
#705 = ORIENTED_EDGE ( 'NONE', *, *, #2502, .T. ) ;
#706 = DIRECTION ( 'NONE',  ( 0.000000000000000000, -0.000000000000000000, -1.000000000000000000 ) ) ;
#707 = DIRECTION ( 'NONE',  ( -1.000000000000000000, 0.000000000000000000, -0.000000000000000000 ) ) ;
#708 = EDGE_CURVE ( 'NONE', #733, #3110, #1039, .T. ) ;
#709 = ORIENTED_EDGE ( 'NONE', *, *, #1248, .T. ) ;
#710 = DIRECTION ( 'NONE',  ( -0.000000000000000000, -0.000000000000000000, 1.000000000000000000 ) ) ;
#711 = VECTOR ( 'NONE', #625, 39.37007874015748854 ) ;
#712 = EDGE_LOOP ( 'NONE', ( #1495, #677, #426, #378 ) ) ;
#713 = DIRECTION ( 'NONE',  ( 0.000000000000000000, 1.000000000000000000, -0.000000000000000000 ) ) ;
#714 = AXIS2_PLACEMENT_3D ( 'NONE', #484, #2906, #1485 ) ;
#715 = CIRCLE ( 'NONE', #3400, 0.03999999999999998695 ) ;
#716 = ORIENTED_EDGE ( 'NONE', *, *, #2495, .T. ) ;
#717 = DIRECTION ( 'NONE',  ( -0.9659258262890689783, 0.2588190451025180194, 0.000000000000000000 ) ) ;
#718 = AXIS2_PLACEMENT_3D ( 'NONE', #1053, #1376, #3088 ) ;
#719 = VERTEX_POINT ( 'NONE', #88 ) ;
#720 = ORIENTED_EDGE ( 'NONE', *, *, #2873, .T. ) ;
#721 = DIRECTION ( 'NONE',  ( -0.9659258262890689783, 0.2588190451025180194, 0.000000000000000000 ) ) ;
#722 = DIRECTION ( 'NONE',  ( 0.2588190451025196848, -0.9659258262890686453, 8.537024980200835623E-16 ) ) ;
#723 = ADVANCED_FACE ( 'NONE', ( #2074 ), #3482, .T. ) ;
#724 = ORIENTED_EDGE ( 'NONE', *, *, #1317, .F. ) ;
#725 = CARTESIAN_POINT ( 'NONE',  ( 1.023595152701985089, 2.327288793237507036, -0.05999999999999984512 ) ) ;
#726 = AXIS2_PLACEMENT_3D ( 'NONE', #499, #225, #1122 ) ;
#727 = CARTESIAN_POINT ( 'NONE',  ( -0.5059570624969487174, 0.3954371406593678029, 0.2599999999999999534 ) ) ;
#728 = EDGE_CURVE ( 'NONE', #297, #468, #2988, .T. ) ;
#729 = AXIS2_PLACEMENT_3D ( 'NONE', #2770, #471, #2463 ) ;
#730 = ORIENTED_EDGE ( 'NONE', *, *, #1059, .T. ) ;
#731 = DIRECTION ( 'NONE',  ( -1.000000000000000000, 0.000000000000000000, 0.000000000000000000 ) ) ;
#732 = VECTOR ( 'NONE', #496, 39.37007874015748854 ) ;
#733 = VERTEX_POINT ( 'NONE', #3570 ) ;
#734 = CARTESIAN_POINT ( 'NONE',  ( 0.9477080936812799505, 2.430444763850883927, -0.03418907816250382065 ) ) ;
#735 = CARTESIAN_POINT ( 'NONE',  ( 0.2158415228850488754, 0.2399999999999999634, 0.2999999999999999889 ) ) ;
#736 = EDGE_LOOP ( 'NONE', ( #3227, #1481, #3282, #1055 ) ) ;
#737 = DIRECTION ( 'NONE',  ( -0.2588190451025196848, -0.9659258262890686453, 0.000000000000000000 ) ) ;
#738 = ORIENTED_EDGE ( 'NONE', *, *, #2200, .T. ) ;
#739 = DIRECTION ( 'NONE',  ( 0.9659258262890689783, 0.2588190451025180194, -0.000000000000000000 ) ) ;
#740 = DIRECTION ( 'NONE',  ( -0.2588190451025180194, 0.9659258262890689783, -0.000000000000000000 ) ) ;
#741 = AXIS2_PLACEMENT_3D ( 'NONE', #46, #2915, #1456 ) ;
#742 = ORIENTED_EDGE ( 'NONE', *, *, #346, .T. ) ;
#743 = CARTESIAN_POINT ( 'NONE',  ( 0.9953108814545231775, 2.376278588093170274, 0.2599999999999999534 ) ) ;
#744 = CARTESIAN_POINT ( 'NONE',  ( -1.005663643258623674, 2.414915621144733127, 0.2341890781625032281 ) ) ;
#745 = CIRCLE ( 'NONE', #1735, 0.03999999999999998695 ) ;
#746 = ORIENTED_EDGE ( 'NONE', *, *, #2719, .F. ) ;
#747 = CARTESIAN_POINT ( 'NONE',  ( -0.5089144883496575789, 0.4064744042012947145, 0.1958559013331335752 ) ) ;
#748 = CIRCLE ( 'NONE', #632, 0.03999999999999998695 ) ;
#749 = ORIENTED_EDGE ( 'NONE', *, *, #1272, .F. ) ;
#750 = VECTOR ( 'NONE', #2058, 39.37007874015748854 ) ;
#751 = CARTESIAN_POINT ( 'NONE',  ( 0.4776727912494866390, 0.4444269355150312628, 0.2999999999999999889 ) ) ;
#752 = CARTESIAN_POINT ( 'NONE',  ( -1.098493929786631629, 2.606814834742186004, 0.09999999999999996392 ) ) ;
#753 = ORIENTED_EDGE ( 'NONE', *, *, #1863, .T. ) ;
#754 = CARTESIAN_POINT ( 'NONE',  ( -1.033947914506085919, 2.365925826289069001, 0.09999999999999970024 ) ) ;
#755 = FACE_OUTER_BOUND ( 'NONE', #2649, .T. ) ;
#756 = LINE ( 'NONE', #1597, #2493 ) ;
#757 = EDGE_CURVE ( 'NONE', #2812, #30, #1210, .T. ) ;
#758 = ORIENTED_EDGE ( 'NONE', *, *, #3160, .T. ) ;
#759 = DIRECTION ( 'NONE',  ( 0.000000000000000000, 0.000000000000000000, -1.000000000000000000 ) ) ;
#760 = EDGE_CURVE ( 'NONE', #2954, #40, #362, .T. ) ;
#761 = EDGE_CURVE ( 'NONE', #2104, #1599, #935, .T. ) ;
#762 = ORIENTED_EDGE ( 'NONE', *, *, #1893, .F. ) ;
#763 = DIRECTION ( 'NONE',  ( -0.9659258262890689783, -0.2588190451025181305, -0.000000000000000000 ) ) ;
#764 = DIRECTION ( 'NONE',  ( 0.000000000000000000, 0.000000000000000000, -1.000000000000000000 ) ) ;
#765 = VERTEX_POINT ( 'NONE', #3176 ) ;
#766 = EDGE_CURVE ( 'NONE', #2397, #3153, #662, .T. ) ;
#767 = CARTESIAN_POINT ( 'NONE',  ( -0.4397197676620212548, 0.1482361909794963351, 0.2999999999999999889 ) ) ;
#768 = AXIS2_PLACEMENT_3D ( 'NONE', #1975, #505, #2510 ) ;
#769 = CARTESIAN_POINT ( 'NONE',  ( 1.150257738807135111, 2.799999999999999822, 0.1000000000000000194 ) ) ;
#770 = EDGE_CURVE ( 'NONE', #1383, #2100, #1147, .T. ) ;
#771 = ORIENTED_EDGE ( 'NONE', *, *, #3280, .T. ) ;
#772 = CARTESIAN_POINT ( 'NONE',  ( -0.4776727912494866390, 0.4444269355150313183, 0.1000000000000003109 ) ) ;
#773 = CYLINDRICAL_SURFACE ( 'NONE', #1899, 0.03999999999999998695 ) ;
#774 = FACE_OUTER_BOUND ( 'NONE', #658, .T. ) ;
#775 = VERTEX_POINT ( 'NONE', #3057 ) ;
#776 = CARTESIAN_POINT ( 'NONE',  ( 0.4090266881428627488, 0.1882361909794962873, 0.2999999999999999889 ) ) ;
#777 = VECTOR ( 'NONE', #2088, 39.37007874015748143 ) ;
#778 = EDGE_CURVE ( 'NONE', #781, #2225, #578, .T. ) ;
#779 = LINE ( 'NONE', #2249, #1650 ) ;
#780 = EDGE_CURVE ( 'NONE', #2106, #2397, #3053, .T. ) ;
#781 = VERTEX_POINT ( 'NONE', #1417 ) ;
#782 = FACE_OUTER_BOUND ( 'NONE', #2143, .T. ) ;
#783 = FACE_OUTER_BOUND ( 'NONE', #75, .T. ) ;
#784 = VERTEX_POINT ( 'NONE', #1397 ) ;
#785 = ADVANCED_FACE ( 'NONE', ( #3362 ), #2782, .T. ) ;
#786 = CARTESIAN_POINT ( 'NONE',  ( -0.9953108814545231775, 2.376278588093170274, 0.2599999999999999534 ) ) ;
#787 = AXIS2_PLACEMENT_3D ( 'NONE', #2912, #1579, #2153 ) ;
#788 = DIRECTION ( 'NONE',  ( -0.2588190451025180749, -0.9659258262890690894, 0.000000000000000000 ) ) ;
#789 = AXIS2_PLACEMENT_3D ( 'NONE', #2296, #2000, #327 ) ;
#790 = DIRECTION ( 'NONE',  ( -0.2588190451025180194, 0.9659258262890689783, 0.000000000000000000 ) ) ;
#791 = ADVANCED_FACE ( 'NONE', ( #2544 ), #281, .T. ) ;
#792 = CARTESIAN_POINT ( 'NONE',  ( 1.098493929786631629, 2.606814834742186004, -0.09999999999999999167 ) ) ;
#793 = CARTESIAN_POINT ( 'NONE',  ( 1.059856896735068776, 2.617167596546287278, -0.2999999999999999889 ) ) ;
#794 = ADVANCED_FACE ( 'NONE', ( #783 ), #1900, .F. ) ;
#795 = ORIENTED_EDGE ( 'NONE', *, *, #377, .F. ) ;
#796 = DIRECTION ( 'NONE',  ( -0.9659258262890690894, 0.2588190451025180749, 0.000000000000000000 ) ) ;
#797 = DIRECTION ( 'NONE',  ( 0.000000000000000000, 0.000000000000000000, -1.000000000000000000 ) ) ;
#798 = AXIS2_PLACEMENT_3D ( 'NONE', #3272, #478, #1600 ) ;
#799 = EDGE_LOOP ( 'NONE', ( #2078, #671, #2638, #1190 ) ) ;
#800 = CARTESIAN_POINT ( 'NONE',  ( -0.9373553318771791210, 2.391807730799321519, -2.395758620164980746E-05 ) ) ;
#801 = AXIS2_PLACEMENT_3D ( 'NONE', #3467, #882, #3121 ) ;
#802 = CYLINDRICAL_SURFACE ( 'NONE', #64, 0.03999999999999993838 ) ;
#803 = AXIS2_PLACEMENT_3D ( 'NONE', #3241, #1056, #1021 ) ;
#804 = VERTEX_POINT ( 'NONE', #7 ) ;
#805 = DIRECTION ( 'NONE',  ( 0.000000000000000000, 0.000000000000000000, 1.000000000000000000 ) ) ;
#806 = AXIS2_PLACEMENT_3D ( 'NONE', #2147, #213, #3296 ) ;
#807 = EDGE_CURVE ( 'NONE', #3224, #1704, #2416, .T. ) ;
#808 = CARTESIAN_POINT ( 'NONE',  ( -0.3999999999999999667, 0.000000000000000000, 0.2999999999999999889 ) ) ;
#809 = VECTOR ( 'NONE', #3613, 39.37007874015748854 ) ;
#810 = CARTESIAN_POINT ( 'NONE',  ( 1.044300676310186970, 2.404562859340632297, 0.2999999999999999889 ) ) ;
#811 = CYLINDRICAL_SURFACE ( 'NONE', #2197, 0.03999999999999993838 ) ;
#812 = CARTESIAN_POINT ( 'NONE',  ( -0.9953108814545227334, 2.376278588093170274, -0.05999999999999984512 ) ) ;
#813 = AXIS2_PLACEMENT_3D ( 'NONE', #1172, #1424, #2552 ) ;
#814 = ORIENTED_EDGE ( 'NONE', *, *, #1983, .T. ) ;
#815 = DIRECTION ( 'NONE',  ( 0.2588190451025176864, -0.9659258262890692004, 0.000000000000000000 ) ) ;
#816 = CARTESIAN_POINT ( 'NONE',  ( -0.2158415228850489032, 0.04000000000000000083, -0.2999999999999999889 ) ) ;
#817 = ADVANCED_FACE ( 'NONE', ( #853 ), #802, .T. ) ;
#818 = CARTESIAN_POINT ( 'NONE',  ( -0.4776727912494866390, 0.4444269355150312628, 0.2341890781625039497 ) ) ;
#819 = ORIENTED_EDGE ( 'NONE', *, *, #1719, .F. ) ;
#820 = DIRECTION ( 'NONE',  ( 1.000000000000000000, 0.000000000000000000, 0.000000000000000000 ) ) ;
#821 = DIRECTION ( 'NONE',  ( -0.9659258262890689783, -0.2588190451025181305, 0.000000000000000000 ) ) ;
#822 = EDGE_LOOP ( 'NONE', ( #227, #359, #3178, #1979 ) ) ;
#823 = DIRECTION ( 'NONE',  ( 0.000000000000000000, 0.000000000000000000, -1.000000000000000000 ) ) ;
#824 = DIRECTION ( 'NONE',  ( -0.9659258262890690894, -0.2588190451025180749, 0.000000000000000000 ) ) ;
#825 = AXIS2_PLACEMENT_3D ( 'NONE', #3349, #3081, #1963 ) ;
#826 = LINE ( 'NONE', #287, #1864 ) ;
#827 = DIRECTION ( 'NONE',  ( -0.9659258262890689783, 0.2588190451025181305, 0.000000000000000000 ) ) ;
#828 = DIRECTION ( 'NONE',  ( 0.9659258262890689783, 0.2588190451025180194, -0.000000000000000000 ) ) ;
#829 = EDGE_CURVE ( 'NONE', #2878, #1546, #2117, .T. ) ;
#830 = ORIENTED_EDGE ( 'NONE', *, *, #338, .T. ) ;
#831 = CYLINDRICAL_SURFACE ( 'NONE', #3080, 0.1000239575862021252 ) ;
#832 = DIRECTION ( 'NONE',  ( -1.000000000000000000, 0.000000000000000000, 0.000000000000000000 ) ) ;
#833 = EDGE_CURVE ( 'NONE', #2762, #2094, #2587, .T. ) ;
#834 = VECTOR ( 'NONE', #2678, 39.37007874015748854 ) ;
#835 = EDGE_LOOP ( 'NONE', ( #84, #3084, #3287, #1227 ) ) ;
#836 = DIRECTION ( 'NONE',  ( -1.000000000000000000, 0.000000000000000000, -0.000000000000000000 ) ) ;
#837 = CARTESIAN_POINT ( 'NONE',  ( -0.3999999999999999667, 0.000000000000000000, -0.09999999999999999167 ) ) ;
#838 = ORIENTED_EDGE ( 'NONE', *, *, #369, .T. ) ;
#839 = EDGE_LOOP ( 'NONE', ( #3120, #2109, #2067, #3274 ) ) ;
#840 = CARTESIAN_POINT ( 'NONE',  ( -0.3999999999999999667, 0.000000000000000000, 0.2999999999999999889 ) ) ;
#841 = VECTOR ( 'NONE', #2382, 39.37007874015748143 ) ;
#842 = FACE_OUTER_BOUND ( 'NONE', #2030, .T. ) ;
#843 = CIRCLE ( 'NONE', #965, 0.2000000000000000389 ) ;
#844 = PLANE ( 'NONE',  #825 ) ;
#845 = CARTESIAN_POINT ( 'NONE',  ( -1.002706217405914924, 2.403878357602806215, 0.1958559013331328258 ) ) ;
#846 = ORIENTED_EDGE ( 'NONE', *, *, #1676, .F. ) ;
#847 = ORIENTED_EDGE ( 'NONE', *, *, #2511, .F. ) ;
#848 = CARTESIAN_POINT ( 'NONE',  ( -0.5163098243010495469, 0.4340741737109306553, 0.1000000000000003109 ) ) ;
#849 = DIRECTION ( 'NONE',  ( 0.9659258262890689783, 0.2588190451025180194, -0.000000000000000000 ) ) ;
#850 = DIRECTION ( 'NONE',  ( 1.000000000000000000, 0.000000000000000000, 0.000000000000000000 ) ) ;
#851 = ORIENTED_EDGE ( 'NONE', *, *, #2133, .F. ) ;
#852 = FACE_OUTER_BOUND ( 'NONE', #1289, .T. ) ;
#853 = FACE_OUTER_BOUND ( 'NONE', #799, .T. ) ;
#854 = ORIENTED_EDGE ( 'NONE', *, *, #1100, .T. ) ;
#855 = VERTEX_POINT ( 'NONE', #1624 ) ;
#856 = AXIS2_PLACEMENT_3D ( 'NONE', #1107, #865, #1913 ) ;
#857 = CARTESIAN_POINT ( 'NONE',  ( 1.111620705755572258, 2.810352761804100208, -0.09999999999999985290 ) ) ;
#858 = AXIS2_PLACEMENT_3D ( 'NONE', #3569, #160, #3258 ) ;
#859 = CIRCLE ( 'NONE', #2972, 0.1000239575862020835 ) ;
#860 = CARTESIAN_POINT ( 'NONE',  ( -1.005663643258623674, 2.414915621144733127, 0.2341890781625032281 ) ) ;
#861 = FACE_OUTER_BOUND ( 'NONE', #3509, .T. ) ;
#862 = DIRECTION ( 'NONE',  ( 0.9659258262890689783, 0.2588190451025181305, -0.000000000000000000 ) ) ;
#863 = VERTEX_POINT ( 'NONE', #1920 ) ;
#864 = ORIENTED_EDGE ( 'NONE', *, *, #1863, .F. ) ;
#865 = DIRECTION ( 'NONE',  ( 0.000000000000000000, 0.000000000000000000, 1.000000000000000000 ) ) ;
#866 = EDGE_CURVE ( 'NONE', #3022, #1569, #2174, .T. ) ;
#867 = DIRECTION ( 'NONE',  ( 0.9659258262890690894, -0.2588190451025180749, -0.000000000000000000 ) ) ;
#868 = ORIENTED_EDGE ( 'NONE', *, *, #1480, .T. ) ;
#869 = VERTEX_POINT ( 'NONE', #2747 ) ;
#870 = CYLINDRICAL_SURFACE ( 'NONE', #2324, 0.2000000000000000111 ) ;
#871 = LINE ( 'NONE', #1184, #1876 ) ;
#872 = EDGE_CURVE ( 'NONE', #169, #2869, #1936, .T. ) ;
#873 = DIRECTION ( 'NONE',  ( -1.000000000000000000, 0.000000000000000000, -0.000000000000000000 ) ) ;
#874 = EDGE_LOOP ( 'NONE', ( #1395, #730, #1120, #3537 ) ) ;
#875 = DIRECTION ( 'NONE',  ( -0.2588190451025180194, 0.9659258262890689783, 0.000000000000000000 ) ) ;
#876 = EDGE_CURVE ( 'NONE', #3295, #2695, #2642, .T. ) ;
#877 = DIRECTION ( 'NONE',  ( 1.000000000000000000, 0.000000000000000000, 0.000000000000000000 ) ) ;
#878 = CARTESIAN_POINT ( 'NONE',  ( -1.033947914506085919, 2.365925826289069889, 0.2999999999999999889 ) ) ;
#879 = DIRECTION ( 'NONE',  ( 0.9659258262890690894, -0.2588190451025180749, -0.000000000000000000 ) ) ;
#880 = VERTEX_POINT ( 'NONE', #245 ) ;
#881 = EDGE_LOOP ( 'NONE', ( #3491, #1451, #508, #2366 ) ) ;
#882 = DIRECTION ( 'NONE',  ( 0.9659258262890689783, 0.2588190451025181305, 0.000000000000000000 ) ) ;
#883 = CARTESIAN_POINT ( 'NONE',  ( 0.9953108814545231775, 2.376278588093170274, 0.2599999999999999534 ) ) ;
#884 = AXIS2_PLACEMENT_3D ( 'NONE', #513, #1046, #3298 ) ;
#885 = ORIENTED_EDGE ( 'NONE', *, *, #807, .F. ) ;
#886 = EDGE_CURVE ( 'NONE', #775, #733, #1061, .T. ) ;
#887 = LINE ( 'NONE', #1165, #2146 ) ;
#888 = DIRECTION ( 'NONE',  ( -0.9659258262890690894, 0.2588190451025180749, 0.000000000000000000 ) ) ;
#889 = EDGE_CURVE ( 'NONE', #3174, #3453, #2215, .T. ) ;
#890 = EDGE_LOOP ( 'NONE', ( #3240, #189, #3426, #2576 ) ) ;
#891 = ORIENTED_EDGE ( 'NONE', *, *, #2284, .F. ) ;
#892 = DIRECTION ( 'NONE',  ( 0.9659258262890690894, 0.2588190451025180749, -0.000000000000000000 ) ) ;
#893 = ORIENTED_EDGE ( 'NONE', *, *, #1685, .F. ) ;
#894 = EDGE_CURVE ( 'NONE', #1261, #517, #470, .T. ) ;
#895 = DIRECTION ( 'NONE',  ( -0.9659258262890690894, -0.2588190451025180749, 0.000000000000000000 ) ) ;
#896 = AXIS2_PLACEMENT_3D ( 'NONE', #3451, #2341, #2042 ) ;
#897 = CARTESIAN_POINT ( 'NONE',  ( 0.4673200294453858650, 0.4057899024634684659, -0.03418907816250330717 ) ) ;
#898 = CARTESIAN_POINT ( 'NONE',  ( 0.4776727912494866390, 0.4444269355150313183, 0.1000000000000003109 ) ) ;
#899 = ORIENTED_EDGE ( 'NONE', *, *, #1754, .F. ) ;
#900 = VERTEX_POINT ( 'NONE', #1457 ) ;
#901 = PLANE ( 'NONE',  #326 ) ;
#902 = CARTESIAN_POINT ( 'NONE',  ( -0.4123219057207506144, 0.4323563087115465109, 0.1958559013331335752 ) ) ;
#903 = VECTOR ( 'NONE', #1486, 39.37007874015748854 ) ;
#904 = ORIENTED_EDGE ( 'NONE', *, *, #1947, .T. ) ;
#905 = DIRECTION ( 'NONE',  ( -0.9659258262890690894, 0.2588190451025180749, 0.000000000000000000 ) ) ;
#906 = CARTESIAN_POINT ( 'NONE',  ( -0.2158415228850489032, 0.04000000000000000083, -0.2999999999999999889 ) ) ;
#907 = PLANE ( 'NONE',  #2372 ) ;
#908 = ORIENTED_EDGE ( 'NONE', *, *, #728, .T. ) ;
#909 = DIRECTION ( 'NONE',  ( -0.2588190451025176864, -0.9659258262890692004, 0.000000000000000000 ) ) ;
#910 = ADVANCED_FACE ( 'NONE', ( #1749 ), #63, .T. ) ;
#911 = VERTEX_POINT ( 'NONE', #2616 ) ;
#912 = AXIS2_PLACEMENT_3D ( 'NONE', #1919, #3605, #1092 ) ;
#913 = CARTESIAN_POINT ( 'NONE',  ( 0.2158415228850488199, 8.537024980200822558E-18, 0.2999999999999999889 ) ) ;
#914 = EDGE_CURVE ( 'NONE', #1303, #154, #3128, .T. ) ;
#915 = DIRECTION ( 'NONE',  ( -0.000000000000000000, -0.000000000000000000, -1.000000000000000000 ) ) ;
#916 = CARTESIAN_POINT ( 'NONE',  ( -0.9849581196504223479, 2.337641555041607866, -0.09999999999999983902 ) ) ;
#917 = ADVANCED_FACE ( 'NONE', ( #82 ), #2288, .T. ) ;
#918 = VECTOR ( 'NONE', #823, 39.37007874015748143 ) ;
#919 = ORIENTED_EDGE ( 'NONE', *, *, #1983, .F. ) ;
#920 = ORIENTED_EDGE ( 'NONE', *, *, #398, .F. ) ;
#921 = FACE_OUTER_BOUND ( 'NONE', #1226, .T. ) ;
#922 = DIRECTION ( 'NONE',  ( -0.2588190451025181860, -0.9659258262890689783, 0.000000000000000000 ) ) ;
#923 = AXIS2_PLACEMENT_3D ( 'NONE', #2666, #2340, #2647 ) ;
#924 = VERTEX_POINT ( 'NONE', #354 ) ;
#925 = CYLINDRICAL_SURFACE ( 'NONE', #684, 0.1000239575862023750 ) ;
#926 = LINE ( 'NONE', #2027, #954 ) ;
#927 = EDGE_CURVE ( 'NONE', #2100, #2145, #2997, .T. ) ;
#928 = EDGE_LOOP ( 'NONE', ( #1078, #2411, #2048, #3188 ) ) ;
#929 = AXIS2_PLACEMENT_3D ( 'NONE', #400, #2905, #972 ) ;
#930 = EDGE_LOOP ( 'NONE', ( #2129, #1527, #1445, #3058, #3090, #2289, #92, #3140, #1808, #2903, #572, #3571 ) ) ;
#931 = PLANE ( 'NONE',  #1855 ) ;
#932 = ORIENTED_EDGE ( 'NONE', *, *, #2022, .T. ) ;
#933 = DIRECTION ( 'NONE',  ( -0.2588190451025180194, 0.9659258262890690894, 0.000000000000000000 ) ) ;
#934 = EDGE_CURVE ( 'NONE', #3555, #2575, #2916, .T. ) ;
#935 = LINE ( 'NONE', #2051, #2235 ) ;
#936 = DIRECTION ( 'NONE',  ( -0.9659258262890689783, -0.2588190451025181305, 0.000000000000000000 ) ) ;
#937 = EDGE_CURVE ( 'NONE', #2169, #2164, #2876, .T. ) ;
#938 = ORIENTED_EDGE ( 'NONE', *, *, #3106, .T. ) ;
#939 = VERTEX_POINT ( 'NONE', #119 ) ;
#940 = DIRECTION ( 'NONE',  ( -0.9659258262890689783, 0.2588190451025180194, 0.000000000000000000 ) ) ;
#941 = CARTESIAN_POINT ( 'NONE',  ( 0.4880255530535875241, 0.4830639685665943928, -0.09999999999999931166 ) ) ;
#942 = CARTESIAN_POINT ( 'NONE',  ( -0.5266625861051500435, 0.4727112067624932301, -0.05999999999999931777 ) ) ;
#943 = EDGE_CURVE ( 'NONE', #2622, #1234, #871, .T. ) ;
#944 = ORIENTED_EDGE ( 'NONE', *, *, #894, .F. ) ;
#945 = AXIS2_PLACEMENT_3D ( 'NONE', #543, #559, #2801 ) ;
#946 = CARTESIAN_POINT ( 'NONE',  ( 1.041343250457477776, 2.393525595798705830, 0.004144098666866430705 ) ) ;
#947 = CARTESIAN_POINT ( 'NONE',  ( 1.059856896735068776, 2.617167596546287278, 0.09999999999999996392 ) ) ;
#948 = ORIENTED_EDGE ( 'NONE', *, *, #2108, .T. ) ;
#949 = EDGE_LOOP ( 'NONE', ( #3442, #3104, #1051, #1655 ) ) ;
#950 = CARTESIAN_POINT ( 'NONE',  ( 0.000000000000000000, 0.04000000000000000083, 0.2999999999999999889 ) ) ;
#951 = EDGE_CURVE ( 'NONE', #1966, #2044, #1166, .T. ) ;
#952 = VERTEX_POINT ( 'NONE', #101 ) ;
#953 = DIRECTION ( 'NONE',  ( -0.000000000000000000, 0.000000000000000000, 1.000000000000000000 ) ) ;
#954 = VECTOR ( 'NONE', #2046, 39.37007874015748854 ) ;
#955 = CYLINDRICAL_SURFACE ( 'NONE', #1939, 0.2400000000000000466 ) ;
#956 = FACE_OUTER_BOUND ( 'NONE', #1138, .T. ) ;
#957 = ORIENTED_EDGE ( 'NONE', *, *, #757, .F. ) ;
#958 = ORIENTED_EDGE ( 'NONE', *, *, #43, .F. ) ;
#959 = DIRECTION ( 'NONE',  ( 0.000000000000000000, -0.000000000000000000, 1.000000000000000000 ) ) ;
#960 = CARTESIAN_POINT ( 'NONE',  ( 0.000000000000000000, 0.04000000000000000083, 0.2999999999999999889 ) ) ;
#961 = LINE ( 'NONE', #2648, #434 ) ;
#962 = VECTOR ( 'NONE', #2950, 39.37007874015748854 ) ;
#963 = ORIENTED_EDGE ( 'NONE', *, *, #433, .F. ) ;
#964 = DIRECTION ( 'NONE',  ( 0.2588190451025181860, 0.9659258262890690894, 0.000000000000000000 ) ) ;
#965 = AXIS2_PLACEMENT_3D ( 'NONE', #2244, #3048, #2996 ) ;
#966 = CARTESIAN_POINT ( 'NONE',  ( -0.4776727912494866390, 0.4444269355150312628, 0.2999999999999999889 ) ) ;
#967 = AXIS2_PLACEMENT_3D ( 'NONE', #2316, #2019, #2843 ) ;
#968 = AXIS2_PLACEMENT_3D ( 'NONE', #792, #1886, #1066 ) ;
#969 = ORIENTED_EDGE ( 'NONE', *, *, #324, .T. ) ;
#970 = CARTESIAN_POINT ( 'NONE',  ( -0.4702774552980946710, 0.4168271660053954886, 0.1958559013331335752 ) ) ;
#971 = ORIENTED_EDGE ( 'NONE', *, *, #282, .F. ) ;
#972 = DIRECTION ( 'NONE',  ( 0.2588190451025196848, -0.9659258262890686453, 0.000000000000000000 ) ) ;
#973 = VECTOR ( 'NONE', #2715, 39.37007874015748143 ) ;
#974 = DIRECTION ( 'NONE',  ( -0.9659258262890689783, 0.2588190451025180194, 0.000000000000000000 ) ) ;
#975 = PLANE ( 'NONE',  #2065 ) ;
#976 = CIRCLE ( 'NONE', #798, 0.1000239575862020974 ) ;
#977 = ORIENTED_EDGE ( 'NONE', *, *, #3584, .F. ) ;
#978 = ORIENTED_EDGE ( 'NONE', *, *, #1352, .T. ) ;
#979 = AXIS2_PLACEMENT_3D ( 'NONE', #647, #1198, #1179 ) ;
#980 = CARTESIAN_POINT ( 'NONE',  ( -0.9953108814545228444, 2.376278588093169830, 0.09999999999999970024 ) ) ;
#981 = CARTESIAN_POINT ( 'NONE',  ( -0.2158415228850489032, 0.04000000000000000083, 0.2999999999999999889 ) ) ;
#982 = ORIENTED_EDGE ( 'NONE', *, *, #1463, .T. ) ;
#983 = CIRCLE ( 'NONE', #1275, 0.1000239575862020974 ) ;
#984 = EDGE_CURVE ( 'NONE', #1953, #3618, #2833, .T. ) ;
#985 = CARTESIAN_POINT ( 'NONE',  ( -0.9953108814545228444, 2.376278588093170274, -0.05999999999999987288 ) ) ;
#986 =( NAMED_UNIT ( * ) PLANE_ANGLE_UNIT ( ) SI_UNIT ( $, .RADIAN. ) );
#987 = VECTOR ( 'NONE', #3359, 39.37007874015748854 ) ;
#988 = EDGE_LOOP ( 'NONE', ( #2349, #1488, #1473, #103 ) ) ;
#989 = CARTESIAN_POINT ( 'NONE',  ( -0.2465346024042074091, 0.000000000000000000, 0.2999999999999999889 ) ) ;
#990 = ORIENTED_EDGE ( 'NONE', *, *, #3432, .F. ) ;
#991 = DIRECTION ( 'NONE',  ( 0.2588190451025180194, 0.9659258262890689783, 0.000000000000000000 ) ) ;
#992 = CARTESIAN_POINT ( 'NONE',  ( -0.4880255530535873576, 0.4830639685665939487, -0.05999999999999931777 ) ) ;
#993 = ADVANCED_FACE ( 'NONE', ( #3187 ), #1475, .T. ) ;
#994 = ORIENTED_EDGE ( 'NONE', *, *, #1515, .T. ) ;
#995 = ORIENTED_EDGE ( 'NONE', *, *, #685, .F. ) ;
#996 = DIRECTION ( 'NONE',  ( -0.9659258262890690894, -0.2588190451025180749, 0.000000000000000000 ) ) ;
#997 = DIRECTION ( 'NONE',  ( 0.9659258262890690894, 0.2588190451025180749, -0.000000000000000000 ) ) ;
#998 = ORIENTED_EDGE ( 'NONE', *, *, #3014, .T. ) ;
#999 = DIRECTION ( 'NONE',  ( 0.000000000000000000, 1.000000000000000000, -0.000000000000000000 ) ) ;
#1000 = CARTESIAN_POINT ( 'NONE',  ( -1.150257738807135111, 2.799999999999999822, -0.09999999999999999167 ) ) ;
#1001 = AXIS2_PLACEMENT_3D ( 'NONE', #194, #2178, #2438 ) ;
#1002 = EDGE_CURVE ( 'NONE', #5, #2453, #1730, .T. ) ;
#1003 = ORIENTED_EDGE ( 'NONE', *, *, #2901, .T. ) ;
#1004 = CARTESIAN_POINT ( 'NONE',  ( 0.2158415228850488754, 0.2399999999999999634, -0.2999999999999999889 ) ) ;
#1005 = VECTOR ( 'NONE', #401, 39.37007874015748143 ) ;
#1006 = ORIENTED_EDGE ( 'NONE', *, *, #1480, .F. ) ;
#1007 = DIRECTION ( 'NONE',  ( 0.9659258262890689783, -0.2588190451025181305, 0.000000000000000000 ) ) ;
#1008 = DIRECTION ( 'NONE',  ( 0.2588190451025196848, -0.9659258262890686453, 0.000000000000000000 ) ) ;
#1009 = CIRCLE ( 'NONE', #1945, 0.2400000000000000466 ) ;
#1010 = ORIENTED_EDGE ( 'NONE', *, *, #1173, .F. ) ;
#1011 = DIRECTION ( 'NONE',  ( 0.000000000000000000, 0.000000000000000000, 1.000000000000000000 ) ) ;
#1012 = ORIENTED_EDGE ( 'NONE', *, *, #318, .F. ) ;
#1013 = LINE ( 'NONE', #1819, #1386 ) ;
#1014 = CARTESIAN_POINT ( 'NONE',  ( 0.9373553318771791210, 2.391807730799321519, -0.03418907816250382065 ) ) ;
#1015 = VERTEX_POINT ( 'NONE', #2635 ) ;
#1016 = CARTESIAN_POINT ( 'NONE',  ( -1.059856896735068776, 2.617167596546287278, -0.09999999999999996392 ) ) ;
#1017 = CIRCLE ( 'NONE', #3065, 0.03999999999999998695 ) ;
#1018 = SURFACE_STYLE_USAGE ( .BOTH. , #2670 ) ;
#1019 = CIRCLE ( 'NONE', #1366, 0.2000000000000000389 ) ;
#1020 = EDGE_LOOP ( 'NONE', ( #1616, #716, #1201, #1990 ) ) ;
#1021 = DIRECTION ( 'NONE',  ( -1.000000000000000000, 0.000000000000000000, 0.000000000000000000 ) ) ;
#1022 = ORIENTED_EDGE ( 'NONE', *, *, #3211, .T. ) ;
#1023 = LINE ( 'NONE', #751, #1620 ) ;
#1024 = EDGE_CURVE ( 'NONE', #1429, #1303, #1535, .T. ) ;
#1025 = CARTESIAN_POINT ( 'NONE',  ( -0.4880255530535873576, 0.4830639685665939487, -0.09999999999999932554 ) ) ;
#1026 = EDGE_CURVE ( 'NONE', #2439, #775, #2582, .T. ) ;
#1027 = ORIENTED_EDGE ( 'NONE', *, *, #1750, .F. ) ;
#1028 = FACE_OUTER_BOUND ( 'NONE', #1308, .T. ) ;
#1029 = VECTOR ( 'NONE', #2799, 39.37007874015748854 ) ;
#1030 = DIRECTION ( 'NONE',  ( -0.000000000000000000, -0.000000000000000000, -1.000000000000000000 ) ) ;
#1031 = ADVANCED_FACE ( 'NONE', ( #393 ), #3383, .T. ) ;
#1032 = LINE ( 'NONE', #1288, #841 ) ;
#1033 = VERTEX_POINT ( 'NONE', #906 ) ;
#1034 = PLANE ( 'NONE',  #206 ) ;
#1035 = LINE ( 'NONE', #2651, #479 ) ;
#1036 = AXIS2_PLACEMENT_3D ( 'NONE', #176, #3003, #2144 ) ;
#1037 = ORIENTED_EDGE ( 'NONE', *, *, #29, .F. ) ;
#1038 = LINE ( 'NONE', #1586, #1503 ) ;
#1039 = LINE ( 'NONE', #3276, #181 ) ;
#1040 = EDGE_CURVE ( 'NONE', #2453, #2119, #926, .T. ) ;
#1041 = ORIENTED_EDGE ( 'NONE', *, *, #2190, .T. ) ;
#1042 = DIRECTION ( 'NONE',  ( -1.000000000000000000, -0.000000000000000000, -0.000000000000000000 ) ) ;
#1043 = CARTESIAN_POINT ( 'NONE',  ( 1.059856896735068776, 2.617167596546287278, 0.09999999999999996392 ) ) ;
#1044 = ADVANCED_FACE ( 'NONE', ( #3168 ), #1765, .F. ) ;
#1045 = VERTEX_POINT ( 'NONE', #1602 ) ;
#1046 = DIRECTION ( 'NONE',  ( -0.9659258262890690894, 0.2588190451025180749, 0.000000000000000000 ) ) ;
#1047 = CARTESIAN_POINT ( 'NONE',  ( 0.4776727912494866390, 0.4444269355150312628, 0.2599999999999999534 ) ) ;
#1048 = LINE ( 'NONE', #812, #1841 ) ;
#1049 = EDGE_CURVE ( 'NONE', #1880, #1763, #2365, .T. ) ;
#1050 = VERTEX_POINT ( 'NONE', #1000 ) ;
#1051 = ORIENTED_EDGE ( 'NONE', *, *, #2457, .T. ) ;
#1052 = DIRECTION ( 'NONE',  ( -0.9659258262890689783, 0.2588190451025180194, 0.000000000000000000 ) ) ;
#1053 = CARTESIAN_POINT ( 'NONE',  ( 0.9953108814545228444, 2.376278588093170274, 0.2999999999999999889 ) ) ;
#1054 = EDGE_CURVE ( 'NONE', #5, #3295, #1035, .T. ) ;
#1055 = ORIENTED_EDGE ( 'NONE', *, *, #1410, .F. ) ;
#1056 = DIRECTION ( 'NONE',  ( -0.000000000000000000, -0.000000000000000000, 1.000000000000000000 ) ) ;
#1057 = LINE ( 'NONE', #380, #1818 ) ;
#1058 = VERTEX_POINT ( 'NONE', #2689 ) ;
#1059 = EDGE_CURVE ( 'NONE', #2044, #414, #2066, .T. ) ;
#1060 = CARTESIAN_POINT ( 'NONE',  ( 0.4197172416721425825, 0.4599560782211822851, -0.03418907816250330717 ) ) ;
#1061 = CIRCLE ( 'NONE', #2053, 0.2000000000000000111 ) ;
#1062 = ADVANCED_FACE ( 'NONE', ( #413 ), #1842, .T. ) ;
#1063 = VECTOR ( 'NONE', #3062, 39.37007874015748143 ) ;
#1064 = FACE_OUTER_BOUND ( 'NONE', #1594, .T. ) ;
#1065 = CARTESIAN_POINT ( 'NONE',  ( -0.5163098243010494359, 0.4340741737109306553, 0.2341890781625038942 ) ) ;
#1066 = DIRECTION ( 'NONE',  ( -0.2588190451025180749, -0.9659258262890689783, 0.000000000000000000 ) ) ;
#1067 = CARTESIAN_POINT ( 'NONE',  ( 0.4673200294453859760, 0.4057899024634685770, 0.2999999999999999889 ) ) ;
#1068 = ORIENTED_EDGE ( 'NONE', *, *, #2410, .T. ) ;
#1069 = CARTESIAN_POINT ( 'NONE',  ( -0.3613629669484372253, 0.01035276180410061794, -0.09999999999999917288 ) ) ;
#1070 = COLOUR_RGB ( '',0.7921568627450980005, 0.8196078431372548767, 0.9333333333333333481 ) ;
#1071 = DIRECTION ( 'NONE',  ( 1.000000000000000000, -0.000000000000000000, 0.000000000000000000 ) ) ;
#1072 = EDGE_CURVE ( 'NONE', #1187, #3433, #2984, .T. ) ;
#1073 = LINE ( 'NONE', #1972, #987 ) ;
#1074 = ORIENTED_EDGE ( 'NONE', *, *, #2005, .T. ) ;
#1075 = LINE ( 'NONE', #3056, #2913 ) ;
#1076 = CIRCLE ( 'NONE', #2011, 0.2000000000000000111 ) ;
#1077 = DIRECTION ( 'NONE',  ( 0.2588190451025180194, -0.9659258262890689783, 0.000000000000000000 ) ) ;
#1078 = ORIENTED_EDGE ( 'NONE', *, *, #2634, .F. ) ;
#1079 = CIRCLE ( 'NONE', #1544, 0.1000239575862020835 ) ;
#1080 = LINE ( 'NONE', #1060, #1737 ) ;
#1081 = CIRCLE ( 'NONE', #3130, 0.1000239575862020974 ) ;
#1082 = PLANE ( 'NONE',  #3189 ) ;
#1083 = CARTESIAN_POINT ( 'NONE',  ( -0.4093644798680418639, 0.4213190451696195438, -0.03418907816250330717 ) ) ;
#1084 = DIRECTION ( 'NONE',  ( 0.9659258262890689783, 0.2588190451025180194, -0.000000000000000000 ) ) ;
#1085 = EDGE_CURVE ( 'NONE', #2330, #3546, #2364, .T. ) ;
#1086 = ORIENTED_EDGE ( 'NONE', *, *, #1921, .T. ) ;
#1087 = DIRECTION ( 'NONE',  ( -0.000000000000000000, 1.000000000000000000, -0.000000000000000000 ) ) ;
#1088 = LINE ( 'NONE', #1915, #69 ) ;
#1089 = CIRCLE ( 'NONE', #1266, 0.1000239575862020835 ) ;
#1090 = DIRECTION ( 'NONE',  ( -0.9659258262890689783, 0.2588190451025180194, 0.000000000000000000 ) ) ;
#1091 = ORIENTED_EDGE ( 'NONE', *, *, #1860, .T. ) ;
#1092 = DIRECTION ( 'NONE',  ( 0.9659258262890689783, 0.2588190451025181305, 0.000000000000000000 ) ) ;
#1093 = DIRECTION ( 'NONE',  ( -0.2588190451025180749, -0.9659258262890689783, 0.000000000000000000 ) ) ;
#1094 = AXIS2_PLACEMENT_3D ( 'NONE', #3308, #2492, #1674 ) ;
#1095 = ORIENTED_EDGE ( 'NONE', *, *, #455, .F. ) ;
#1096 = DIRECTION ( 'NONE',  ( -0.9659258262890690894, 0.2588190451025180749, 0.000000000000000000 ) ) ;
#1097 = AXIS2_PLACEMENT_3D ( 'NONE', #2761, #1689, #1394 ) ;
#1098 = FACE_OUTER_BOUND ( 'NONE', #448, .T. ) ;
#1099 = VECTOR ( 'NONE', #424, 39.37007874015748854 ) ;
#1100 = EDGE_CURVE ( 'NONE', #1033, #2539, #2967, .T. ) ;
#1101 = CARTESIAN_POINT ( 'NONE',  ( 0.4880255530535874131, 0.4830639685665942817, -0.05999999999999931777 ) ) ;
#1102 = LINE ( 'NONE', #3063, #1905 ) ;
#1103 = EDGE_CURVE ( 'NONE', #2645, #719, #2825, .T. ) ;
#1104 = LINE ( 'NONE', #3577, #1720 ) ;
#1105 = ADVANCED_FACE ( 'NONE', ( #445 ), #1259, .F. ) ;
#1106 = ORIENTED_EDGE ( 'NONE', *, *, #669, .T. ) ;
#1107 = CARTESIAN_POINT ( 'NONE',  ( -0.3613629669484372253, 0.01035276180410072376, 0.2999999999999999889 ) ) ;
#1108 = LINE ( 'NONE', #205, #1657 ) ;
#1109 = DIRECTION ( 'NONE',  ( -0.000000000000000000, 1.000000000000000000, -0.000000000000000000 ) ) ;
#1110 = ORIENTED_EDGE ( 'NONE', *, *, #951, .T. ) ;
#1111 = DIRECTION ( 'NONE',  ( 0.2588190451025196848, -0.9659258262890686453, 0.000000000000000000 ) ) ;
#1112 = DIRECTION ( 'NONE',  ( -0.9659258262890690894, 0.2588190451025180749, 0.000000000000000000 ) ) ;
#1113 = ORIENTED_EDGE ( 'NONE', *, *, #2394, .T. ) ;
#1114 = ORIENTED_EDGE ( 'NONE', *, *, #409, .T. ) ;
#1115 = DIRECTION ( 'NONE',  ( -0.2588190451025196848, -0.9659258262890686453, 0.000000000000000000 ) ) ;
#1116 = DIRECTION ( 'NONE',  ( 0.9659258262890690894, 0.2588190451025180749, -0.000000000000000000 ) ) ;
#1117 = DIRECTION ( 'NONE',  ( -0.2588190451025176864, -0.9659258262890692004, 0.000000000000000000 ) ) ;
#1118 = FACE_OUTER_BOUND ( 'NONE', #3232, .T. ) ;
#1119 = DIRECTION ( 'NONE',  ( -0.9659258262890690894, -0.2588190451025180749, 0.000000000000000000 ) ) ;
#1120 = ORIENTED_EDGE ( 'NONE', *, *, #1315, .T. ) ;
#1121 = FACE_OUTER_BOUND ( 'NONE', #404, .T. ) ;
#1122 = DIRECTION ( 'NONE',  ( 0.000000000000000000, 0.000000000000000000, -1.000000000000000000 ) ) ;
#1123 = MANIFOLD_SOLID_BREP ( 'Mirror1', #2311 ) ;
#1124 = FACE_OUTER_BOUND ( 'NONE', #2522, .T. ) ;
#1125 = ORIENTED_EDGE ( 'NONE', *, *, #1893, .T. ) ;
#1126 = CARTESIAN_POINT ( 'NONE',  ( -1.150257738807135111, 2.799999999999999822, 0.2999999999999999889 ) ) ;
#1127 = CARTESIAN_POINT ( 'NONE',  ( -0.9477080936812799505, 2.430444763850883927, -0.03418907816250382065 ) ) ;
#1128 = VERTEX_POINT ( 'NONE', #696 ) ;
#1129 = ORIENTED_EDGE ( 'NONE', *, *, #2228, .F. ) ;
#1130 = CARTESIAN_POINT ( 'NONE',  ( 0.9953108814545228444, 2.376278588093169830, 0.09999999999999970024 ) ) ;
#1131 = CIRCLE ( 'NONE', #1254, 0.1999999999999999001 ) ;
#1132 = EDGE_CURVE ( 'NONE', #3174, #1829, #2403, .T. ) ;
#1133 = CARTESIAN_POINT ( 'NONE',  ( -1.059856896735068776, 2.617167596546287722, -0.2999999999999999889 ) ) ;
#1134 = AXIS2_PLACEMENT_3D ( 'NONE', #3034, #1356, #2206 ) ;
#1135 = CIRCLE ( 'NONE', #313, 0.1999999999999999001 ) ;
#1136 = CARTESIAN_POINT ( 'NONE',  ( -0.5059570624969486063, 0.3954371406593677474, -0.03418907816250330717 ) ) ;
#1137 = CARTESIAN_POINT ( 'NONE',  ( -0.4197172416721425825, 0.4599560782211822851, 0.2599999999999999534 ) ) ;
#1138 = EDGE_LOOP ( 'NONE', ( #1690, #2794, #891, #2993 ) ) ;
#1139 = ORIENTED_EDGE ( 'NONE', *, *, #1836, .F. ) ;
#1140 = FACE_OUTER_BOUND ( 'NONE', #874, .T. ) ;
#1141 = EDGE_CURVE ( 'NONE', #952, #1695, #3511, .T. ) ;
#1142 = CARTESIAN_POINT ( 'NONE',  ( 1.005663643258623896, 2.414915621144733571, 0.2999999999999999889 ) ) ;
#1143 = CARTESIAN_POINT ( 'NONE',  ( 0.4776727912494866390, 0.4444269355150312628, 0.2341890781625039497 ) ) ;
#1144 = ORIENTED_EDGE ( 'NONE', *, *, #2769, .T. ) ;
#1145 = AXIS2_PLACEMENT_3D ( 'NONE', #1083, #1649, #1944 ) ;
#1146 = DIRECTION ( 'NONE',  ( -0.2588190451025175198, -0.9659258262890690894, 0.000000000000000000 ) ) ;
#1147 = LINE ( 'NONE', #1348, #1470 ) ;
#1148 = EDGE_CURVE ( 'NONE', #255, #2461, #1108, .T. ) ;
#1149 = ORIENTED_EDGE ( 'NONE', *, *, #1186, .T. ) ;
#1150 = VERTEX_POINT ( 'NONE', #2 ) ;
#1151 = CIRCLE ( 'NONE', #2850, 0.1999999999999999001 ) ;
#1152 = LINE ( 'NONE', #1401, #158 ) ;
#1153 = CIRCLE ( 'NONE', #99, 0.03999999999999993838 ) ;
#1154 = AXIS2_PLACEMENT_3D ( 'NONE', #1316, #1866, #3244 ) ;
#1155 = CARTESIAN_POINT ( 'NONE',  ( -0.4397197676620212548, 0.1482361909794963906, 0.2999999999999999889 ) ) ;
#1156 = PLANE ( 'NONE',  #789 ) ;
#1157 = LINE ( 'NONE', #2280, #3194 ) ;
#1158 = ADVANCED_FACE ( 'NONE', ( #3038 ), #3567, .T. ) ;
#1159 = EDGE_LOOP ( 'NONE', ( #18, #2405, #423, #2126 ) ) ;
#1160 = ORIENTED_EDGE ( 'NONE', *, *, #3273, .F. ) ;
#1161 = DIRECTION ( 'NONE',  ( 0.9659258262890690894, -0.2588190451025180749, -0.000000000000000000 ) ) ;
#1162 = ADVANCED_FACE ( 'NONE', ( #2192 ), #1654, .T. ) ;
#1163 = DIRECTION ( 'NONE',  ( 0.2588190451025176864, -0.9659258262890692004, 0.000000000000000000 ) ) ;
#1164 = ORIENTED_EDGE ( 'NONE', *, *, #1212, .T. ) ;
#1165 = CARTESIAN_POINT ( 'NONE',  ( 0.000000000000000000, 8.537024980200822558E-18, 0.2999999999999999889 ) ) ;
#1166 = LINE ( 'NONE', #47, #294 ) ;
#1167 = EDGE_CURVE ( 'NONE', #2538, #2622, #3020, .T. ) ;
#1168 = CARTESIAN_POINT ( 'NONE',  ( -0.2158415228850489032, 0.2399999999999999079, 0.2999999999999999889 ) ) ;
#1169 = ORIENTED_EDGE ( 'NONE', *, *, #2895, .T. ) ;
#1170 = DIRECTION ( 'NONE',  ( -1.000000000000000000, 0.000000000000000000, -0.000000000000000000 ) ) ;
#1171 = ORIENTED_EDGE ( 'NONE', *, *, #876, .T. ) ;
#1172 = CARTESIAN_POINT ( 'NONE',  ( -1.044300676310186526, 2.404562859340632297, 0.2341890781625032281 ) ) ;
#1173 = EDGE_CURVE ( 'NONE', #169, #1704, #779, .T. ) ;
#1174 = DIRECTION ( 'NONE',  ( -0.9659258262890689783, 0.2588190451025181305, -0.000000000000000000 ) ) ;
#1175 = CARTESIAN_POINT ( 'NONE',  ( 0.9849581196504222369, 2.337641555041607422, -0.05999999999999984512 ) ) ;
#1176 = VECTOR ( 'NONE', #1174, 39.37007874015748143 ) ;
#1177 = ORIENTED_EDGE ( 'NONE', *, *, #2386, .F. ) ;
#1178 = VERTEX_POINT ( 'NONE', #1971 ) ;
#1179 = DIRECTION ( 'NONE',  ( -0.2588190451025196848, -0.9659258262890686453, 0.000000000000000000 ) ) ;
#1180 = CARTESIAN_POINT ( 'NONE',  ( 0.4476637211944254902, 0.1778834291753955688, -0.3000000000000002665 ) ) ;
#1181 = AXIS2_PLACEMENT_3D ( 'NONE', #772, #459, #3267 ) ;
#1182 = VERTEX_POINT ( 'NONE', #1951 ) ;
#1183 = DIRECTION ( 'NONE',  ( 0.000000000000000000, -0.000000000000000000, 1.000000000000000000 ) ) ;
#1184 = CARTESIAN_POINT ( 'NONE',  ( -1.150257738807135111, 2.799999999999999822, -0.09999999999999999167 ) ) ;
#1185 = AXIS2_PLACEMENT_3D ( 'NONE', #258, #3337, #556 ) ;
#1186 = EDGE_CURVE ( 'NONE', #2342, #431, #3583, .T. ) ;
#1187 = VERTEX_POINT ( 'NONE', #2227 ) ;
#1188 = DIRECTION ( 'NONE',  ( 0.9659258262890687563, 0.2588190451025187966, 0.000000000000000000 ) ) ;
#1189 = ADVANCED_FACE ( 'NONE', ( #1345 ), #574, .F. ) ;
#1190 = ORIENTED_EDGE ( 'NONE', *, *, #412, .F. ) ;
#1191 = CARTESIAN_POINT ( 'NONE',  ( -0.5059570624969487174, 0.3954371406593679139, 0.2999999999999999889 ) ) ;
#1192 = VECTOR ( 'NONE', #519, 39.37007874015748854 ) ;
#1193 = DIRECTION ( 'NONE',  ( 0.2588190451025181860, -0.9659258262890689783, 0.000000000000000000 ) ) ;
#1194 = LINE ( 'NONE', #2001, #1898 ) ;
#1195 = CIRCLE ( 'NONE', #3415, 0.2000000000000000389 ) ;
#1196 = EDGE_LOOP ( 'NONE', ( #319, #375, #1408, #2868 ) ) ;
#1197 = VERTEX_POINT ( 'NONE', #3290 ) ;
#1198 = DIRECTION ( 'NONE',  ( -0.9659258262890690894, 0.2588190451025180749, 0.000000000000000000 ) ) ;
#1199 = EDGE_CURVE ( 'NONE', #1058, #2275, #1688, .T. ) ;
#1200 = LINE ( 'NONE', #883, #428 ) ;
#1201 = ORIENTED_EDGE ( 'NONE', *, *, #3464, .T. ) ;
#1202 = DIRECTION ( 'NONE',  ( 0.2588190451025180194, -0.9659258262890689783, 2.731847993664262232E-16 ) ) ;
#1203 = CARTESIAN_POINT ( 'NONE',  ( -0.2465346024042074091, 0.1999999999999999833, 0.2999999999999999889 ) ) ;
#1204 = ORIENTED_EDGE ( 'NONE', *, *, #1691, .T. ) ;
#1205 = FACE_OUTER_BOUND ( 'NONE', #2040, .T. ) ;
#1206 = EDGE_CURVE ( 'NONE', #1178, #3360, #1076, .T. ) ;
#1207 = ORIENTED_EDGE ( 'NONE', *, *, #2394, .F. ) ;
#1208 = AXIS2_PLACEMENT_3D ( 'NONE', #3126, #673, #1783 ) ;
#1209 = DIRECTION ( 'NONE',  ( -0.000000000000000000, -0.000000000000000000, -1.000000000000000000 ) ) ;
#1210 = LINE ( 'NONE', #1756, #2882 ) ;
#1211 = DIRECTION ( 'NONE',  ( 0.000000000000000000, 0.000000000000000000, 1.000000000000000000 ) ) ;
#1212 = EDGE_CURVE ( 'NONE', #804, #1391, #3324, .T. ) ;
#1213 = AXIS2_PLACEMENT_3D ( 'NONE', #1262, #342, #909 ) ;
#1214 = VERTEX_POINT ( 'NONE', #3306 ) ;
#1215 = ORIENTED_EDGE ( 'NONE', *, *, #1040, .F. ) ;
#1216 = EDGE_CURVE ( 'NONE', #1343, #2346, #1088, .T. ) ;
#1217 = PLANE ( 'NONE',  #1791 ) ;
#1218 = CARTESIAN_POINT ( 'NONE',  ( -0.5059570624969486063, 0.3954371406593677474, 0.2599999999999999534 ) ) ;
#1219 = CARTESIAN_POINT ( 'NONE',  ( 0.4776727912494866390, 0.4444269355150312628, -0.05999999999999932471 ) ) ;
#1220 = UNCERTAINTY_MEASURE_WITH_UNIT (LENGTH_MEASURE( 1.000000000000000082E-05 ), #1291, 'distance_accuracy_value', 'NONE');
#1221 = ORIENTED_EDGE ( 'NONE', *, *, #2221, .F. ) ;
#1222 = ORIENTED_EDGE ( 'NONE', *, *, #2410, .F. ) ;
#1223 = DIRECTION ( 'NONE',  ( 0.9659258262890689783, 0.2588190451025181305, -0.000000000000000000 ) ) ;
#1224 = ADVANCED_FACE ( 'NONE', ( #2759 ), #1359, .F. ) ;
#1225 = CARTESIAN_POINT ( 'NONE',  ( 0.4673200294453858650, 0.4057899024634684659, -0.03418907816250330717 ) ) ;
#1226 = EDGE_LOOP ( 'NONE', ( #2503, #383, #1086, #31 ) ) ;
#1227 = ORIENTED_EDGE ( 'NONE', *, *, #1810, .T. ) ;
#1228 = FACE_OUTER_BOUND ( 'NONE', #2986, .T. ) ;
#1229 = ORIENTED_EDGE ( 'NONE', *, *, #3089, .F. ) ;
#1230 = CARTESIAN_POINT ( 'NONE',  ( 0.5089144883496574678, 0.4064744042012948255, 0.1958559013331335474 ) ) ;
#1231 = DIRECTION ( 'NONE',  ( -0.9659258262890689783, 0.2588190451025181305, -1.232595164407830946E-32 ) ) ;
#1232 = DIRECTION ( 'NONE',  ( -1.000000000000000000, 0.000000000000000000, 0.000000000000000000 ) ) ;
#1233 = ORIENTED_EDGE ( 'NONE', *, *, #623, .T. ) ;
#1234 = VERTEX_POINT ( 'NONE', #2210 ) ;
#1235 = DIRECTION ( 'NONE',  ( -0.9659258262890690894, 0.2588190451025180749, 0.000000000000000000 ) ) ;
#1236 = DIRECTION ( 'NONE',  ( 0.9659258262890689783, 0.2588190451025180194, -0.000000000000000000 ) ) ;
#1237 = DIRECTION ( 'NONE',  ( 0.2588190451025196848, 0.9659258262890686453, 0.000000000000000000 ) ) ;
#1238 = ORIENTED_EDGE ( 'NONE', *, *, #937, .F. ) ;
#1239 = DIRECTION ( 'NONE',  ( -1.000000000000000000, 0.000000000000000000, 0.000000000000000000 ) ) ;
#1240 = DIRECTION ( 'NONE',  ( -0.9659258262890689783, -0.2588190451025181305, 0.000000000000000000 ) ) ;
#1241 = VERTEX_POINT ( 'NONE', #816 ) ;
#1242 = CARTESIAN_POINT ( 'NONE',  ( -0.4776727912494866390, 0.4444269355150312628, 0.2999999999999999889 ) ) ;
#1243 = ORIENTED_EDGE ( 'NONE', *, *, #377, .T. ) ;
#1244 = LENGTH_MEASURE_WITH_UNIT ( LENGTH_MEASURE( 0.02539999999999999897 ), #681 );
#1245 = AXIS2_PLACEMENT_3D ( 'NONE', #2897, #372, #1240 ) ;
#1246 = FACE_OUTER_BOUND ( 'NONE', #600, .T. ) ;
#1247 = DIRECTION ( 'NONE',  ( -0.2588190451025176864, -0.9659258262890692004, 0.000000000000000000 ) ) ;
#1248 = EDGE_CURVE ( 'NONE', #2164, #2321, #1932, .T. ) ;
#1249 = VERTEX_POINT ( 'NONE', #3069 ) ;
#1250 = EDGE_LOOP ( 'NONE', ( #2062, #1826, #1462, #1608, #465, #1558, #2047, #1781, #2194, #2337, #2899, #1310, #994, #1215, #2974, #2256, #2384, #2377, #1724, #1489, #3607, #212, #3403 ) ) ;
#1251 = DIRECTION ( 'NONE',  ( 0.2588190451025176864, -0.9659258262890692004, 0.000000000000000000 ) ) ;
#1252 = CARTESIAN_POINT ( 'NONE',  ( -1.150257738807135111, 2.799999999999999822, 0.2999999999999999889 ) ) ;
#1253 = CARTESIAN_POINT ( 'NONE',  ( 0.000000000000000000, 0.04000000000000000083, 0.2999999999999999889 ) ) ;
#1254 = AXIS2_PLACEMENT_3D ( 'NONE', #752, #3008, #1318 ) ;
#1255 = ADVANCED_FACE ( 'NONE', ( #3052 ), #2778, .T. ) ;
#1256 = VERTEX_POINT ( 'NONE', #1670 ) ;
#1257 = CARTESIAN_POINT ( 'NONE',  ( 0.000000000000000000, 0.000000000000000000, -0.2999999999999999889 ) ) ;
#1258 = CIRCLE ( 'NONE', #2902, 0.03999999999999993838 ) ;
#1259 = PLANE ( 'NONE',  #1709 ) ;
#1260 = AXIS2_PLACEMENT_3D ( 'NONE', #2279, #1465, #2553 ) ;
#1261 = VERTEX_POINT ( 'NONE', #2797 ) ;
#1262 = CARTESIAN_POINT ( 'NONE',  ( 0.4673200294453858650, 0.4057899024634684659, 0.2599999999999999534 ) ) ;
#1263 = EDGE_CURVE ( 'NONE', #2094, #784, #3357, .T. ) ;
#1264 = ORIENTED_EDGE ( 'NONE', *, *, #829, .T. ) ;
#1265 = CARTESIAN_POINT ( 'NONE',  ( -1.005663643258623674, 2.414915621144733127, -0.03418907816250382065 ) ) ;
#1266 = AXIS2_PLACEMENT_3D ( 'NONE', #535, #2795, #2758 ) ;
#1267 = EDGE_LOOP ( 'NONE', ( #2325, #492, #1319, #3304 ) ) ;
#1268 = ORIENTED_EDGE ( 'NONE', *, *, #3226, .T. ) ;
#1269 = VECTOR ( 'NONE', #587, 39.37007874015748143 ) ;
#1270 = CARTESIAN_POINT ( 'NONE',  ( -0.9953108814545228444, 2.376278588093170274, 0.2999999999999999889 ) ) ;
#1271 = DIRECTION ( 'NONE',  ( 0.9659258262890690894, -0.2588190451025181860, -0.000000000000000000 ) ) ;
#1272 = EDGE_CURVE ( 'NONE', #1513, #3555, #3352, .T. ) ;
#1273 = VECTOR ( 'NONE', #193, 39.37007874015748854 ) ;
#1274 = VERTEX_POINT ( 'NONE', #1142 ) ;
#1275 = AXIS2_PLACEMENT_3D ( 'NONE', #1337, #2479, #3556 ) ;
#1276 = EDGE_CURVE ( 'NONE', #1274, #1429, #2285, .T. ) ;
#1277 = CARTESIAN_POINT ( 'NONE',  ( -0.4673200294453858650, 0.4057899024634684659, -0.03418907816250330717 ) ) ;
#1278 = DIRECTION ( 'NONE',  ( -0.2588190451025180194, 0.9659258262890689783, 0.000000000000000000 ) ) ;
#1279 = ORIENTED_EDGE ( 'NONE', *, *, #1562, .F. ) ;
#1280 = LINE ( 'NONE', #2406, #2154 ) ;
#1281 = AXIS2_PLACEMENT_3D ( 'NONE', #2639, #1812, #2955 ) ;
#1282 = ORIENTED_EDGE ( 'NONE', *, *, #672, .F. ) ;
#1283 = CYLINDRICAL_SURFACE ( 'NONE', #2679, 0.1000239575862020974 ) ;
#1284 = DIRECTION ( 'NONE',  ( 0.9659258262890690894, 0.2588190451025180749, -0.000000000000000000 ) ) ;
#1285 = ORIENTED_EDGE ( 'NONE', *, *, #3, .F. ) ;
#1286 = ORIENTED_EDGE ( 'NONE', *, *, #889, .T. ) ;
#1287 = CARTESIAN_POINT ( 'NONE',  ( 0.4702774552980946710, 0.4168271660053954886, 0.1958559013331335752 ) ) ;
#1288 = CARTESIAN_POINT ( 'NONE',  ( -0.5163098243010494359, 0.4340741737109304887, 0.2000239575862024222 ) ) ;
#1289 = EDGE_LOOP ( 'NONE', ( #2317, #2727, #3364, #2247 ) ) ;
#1290 = CARTESIAN_POINT ( 'NONE',  ( 1.059856896735068776, 2.617167596546287722, 0.2999999999999999889 ) ) ;
#1291 =( CONVERSION_BASED_UNIT ( 'INCH', #1825 ) LENGTH_UNIT ( ) NAMED_UNIT ( #2239 ) );
#1292 = VECTOR ( 'NONE', #2842, 39.37007874015748143 ) ;
#1293 = EDGE_CURVE ( 'NONE', #1182, #591, #1433, .T. ) ;
#1294 = ORIENTED_EDGE ( 'NONE', *, *, #3584, .T. ) ;
#1295 = LINE ( 'NONE', #989, #1977 ) ;
#1296 = AXIS2_PLACEMENT_3D ( 'NONE', #3587, #3024, #3073 ) ;
#1297 = EDGE_CURVE ( 'NONE', #246, #3174, #1828, .T. ) ;
#1298 = ORIENTED_EDGE ( 'NONE', *, *, #2219, .F. ) ;
#1299 = CARTESIAN_POINT ( 'NONE',  ( 0.000000000000000000, 8.537024980200822558E-18, -0.2999999999999999889 ) ) ;
#1300 = EDGE_CURVE ( 'NONE', #2458, #1150, #539, .T. ) ;
#1301 = FACE_OUTER_BOUND ( 'NONE', #736, .T. ) ;
#1302 = AXIS2_PLACEMENT_3D ( 'NONE', #1265, #1284, #3561 ) ;
#1303 = VERTEX_POINT ( 'NONE', #3144 ) ;
#1304 = CARTESIAN_POINT ( 'NONE',  ( 1.005663643258623674, 2.414915621144733127, -0.03418907816250382065 ) ) ;
#1305 = CARTESIAN_POINT ( 'NONE',  ( 0.2465346024042074091, 0.1999999999999999833, 0.2999999999999999889 ) ) ;
#1306 = DIRECTION ( 'NONE',  ( -0.9659258262890689783, 0.2588190451025181305, -0.000000000000000000 ) ) ;
#1307 = EDGE_CURVE ( 'NONE', #2775, #246, #3395, .T. ) ;
#1308 = EDGE_LOOP ( 'NONE', ( #2312, #2338, #2827, #2085 ) ) ;
#1309 = CARTESIAN_POINT ( 'NONE',  ( -0.4090266881428627488, 0.1882361909794962873, -0.2999999999999999889 ) ) ;
#1310 = ORIENTED_EDGE ( 'NONE', *, *, #1167, .F. ) ;
#1311 = DIRECTION ( 'NONE',  ( 0.9659258262890690894, -0.2588190451025180749, -0.000000000000000000 ) ) ;
#1312 = CIRCLE ( 'NONE', #2376, 0.1000239575862020974 ) ;
#1313 = VECTOR ( 'NONE', #456, 39.37007874015748854 ) ;
#1314 = DIRECTION ( 'NONE',  ( 0.2588190451025176864, -0.9659258262890692004, 0.000000000000000000 ) ) ;
#1315 = EDGE_CURVE ( 'NONE', #414, #2496, #2811, .T. ) ;
#1316 = CARTESIAN_POINT ( 'NONE',  ( -0.2465346024042074091, 0.1999999999999999833, 0.2999999999999999889 ) ) ;
#1317 = EDGE_CURVE ( 'NONE', #1513, #3271, #1200, .T. ) ;
#1318 = DIRECTION ( 'NONE',  ( 0.2588190451025180749, -0.9659258262890689783, 0.000000000000000000 ) ) ;
#1319 = ORIENTED_EDGE ( 'NONE', *, *, #3248, .F. ) ;
#1320 = DIRECTION ( 'NONE',  ( -0.9659258262890689783, -0.2588190451025181305, 0.000000000000000000 ) ) ;
#1321 = EDGE_CURVE ( 'NONE', #665, #585, #2131, .T. ) ;
#1322 = AXIS2_PLACEMENT_3D ( 'NONE', #635, #62, #652 ) ;
#1323 = DIRECTION ( 'NONE',  ( 0.2588190451025176864, -0.9659258262890692004, 0.000000000000000000 ) ) ;
#1324 = CARTESIAN_POINT ( 'NONE',  ( 1.150257738807135111, 2.799999999999999822, 0.09999999999999996392 ) ) ;
#1325 = AXIS2_PLACEMENT_3D ( 'NONE', #573, #21, #2776 ) ;
#1326 = ORIENTED_EDGE ( 'NONE', *, *, #1317, .T. ) ;
#1327 = ORIENTED_EDGE ( 'NONE', *, *, #1976, .T. ) ;
#1328 = LINE ( 'NONE', #2455, #3311 ) ;
#1329 = AXIS2_PLACEMENT_3D ( 'NONE', #1769, #2069, #2637 ) ;
#1330 = DIRECTION ( 'NONE',  ( 0.000000000000000000, -0.000000000000000000, -1.000000000000000000 ) ) ;
#1331 = CIRCLE ( 'NONE', #3150, 0.03999999999999993838 ) ;
#1332 = EDGE_CURVE ( 'NONE', #2225, #255, #1363, .T. ) ;
#1333 = ORIENTED_EDGE ( 'NONE', *, *, #943, .F. ) ;
#1334 = CARTESIAN_POINT ( 'NONE',  ( -0.4776727912494866390, 0.4444269355150312628, -0.03418907816250334186 ) ) ;
#1335 = FACE_OUTER_BOUND ( 'NONE', #3162, .T. ) ;
#1336 = VERTEX_POINT ( 'NONE', #1219 ) ;
#1337 = CARTESIAN_POINT ( 'NONE',  ( -0.4776727912494866390, 0.4444269355150313183, 0.1000000000000003109 ) ) ;
#1338 = DIRECTION ( 'NONE',  ( 0.9659258262890690894, -0.2588190451025180749, -0.000000000000000000 ) ) ;
#1339 = CARTESIAN_POINT ( 'NONE',  ( -1.033947914506085919, 2.365925826289069445, 0.2341890781625032281 ) ) ;
#1340 = LINE ( 'NONE', #1928, #3598 ) ;
#1341 = DIRECTION ( 'NONE',  ( 0.9659258262890689783, -0.2588190451025181305, 0.000000000000000000 ) ) ;
#1342 = EDGE_CURVE ( 'NONE', #2346, #1767, #1833, .T. ) ;
#1343 = VERTEX_POINT ( 'NONE', #2060 ) ;
#1344 = CARTESIAN_POINT ( 'NONE',  ( -1.005663643258623674, 2.414915621144733127, 0.2999999999999999889 ) ) ;
#1345 = FACE_OUTER_BOUND ( 'NONE', #822, .T. ) ;
#1346 = ORIENTED_EDGE ( 'NONE', *, *, #3001, .F. ) ;
#1347 = DIRECTION ( 'NONE',  ( 0.000000000000000000, 0.000000000000000000, -1.000000000000000000 ) ) ;
#1348 = CARTESIAN_POINT ( 'NONE',  ( 0.4702774552980946710, 0.4168271660053954886, 0.004144098666867045665 ) ) ;
#1349 = VECTOR ( 'NONE', #2160, 39.37007874015748854 ) ;
#1350 = ORIENTED_EDGE ( 'NONE', *, *, #3278, .F. ) ;
#1351 = DIRECTION ( 'NONE',  ( -0.9659258262890689783, 0.2588190451025180194, 0.000000000000000000 ) ) ;
#1352 = EDGE_CURVE ( 'NONE', #8, #2330, #1714, .T. ) ;
#1353 = AXIS2_PLACEMENT_3D ( 'NONE', #235, #2713, #3523 ) ;
#1354 = DIRECTION ( 'NONE',  ( -0.9659258262890690894, 0.2588190451025180749, 0.000000000000000000 ) ) ;
#1355 = CARTESIAN_POINT ( 'NONE',  ( 0.3999999999999999667, 0.000000000000000000, -0.2999999999999999889 ) ) ;
#1356 = DIRECTION ( 'NONE',  ( 0.2588190451025180194, 0.9659258262890690894, -0.000000000000000000 ) ) ;
#1357 = EDGE_LOOP ( 'NONE', ( #1238, #1327, #3380, #3343 ) ) ;
#1358 = DIRECTION ( 'NONE',  ( -0.9659258262890690894, -0.2588190451025181860, -0.000000000000000000 ) ) ;
#1359 = PLANE ( 'NONE',  #2774 ) ;
#1360 =( NAMED_UNIT ( * ) PLANE_ANGLE_UNIT ( ) SI_UNIT ( $, .RADIAN. ) );
#1361 = VERTEX_POINT ( 'NONE', #1180 ) ;
#1362 = CARTESIAN_POINT ( 'NONE',  ( 1.111620705755572258, 2.810352761804100208, -0.09999999999999999167 ) ) ;
#1363 = CIRCLE ( 'NONE', #2768, 0.03999999999999998695 ) ;
#1364 = CARTESIAN_POINT ( 'NONE',  ( 0.2158415228850488754, 0.2399999999999999634, 0.2999999999999999889 ) ) ;
#1365 = ORIENTED_EDGE ( 'NONE', *, *, #914, .F. ) ;
#1366 = AXIS2_PLACEMENT_3D ( 'NONE', #1168, #2029, #637 ) ;
#1367 = EDGE_CURVE ( 'NONE', #2766, #1901, #2541, .T. ) ;
#1368 = LINE ( 'NONE', #840, #2732 ) ;
#1369 = CARTESIAN_POINT ( 'NONE',  ( -0.4090266881428627488, 0.1882361909794962873, 0.2999999999999999889 ) ) ;
#1370 = EDGE_CURVE ( 'NONE', #1829, #452, #1017, .T. ) ;
#1371 = CARTESIAN_POINT ( 'NONE',  ( 1.150257738807135111, 2.799999999999999822, 0.2999999999999999889 ) ) ;
#1372 = CARTESIAN_POINT ( 'NONE',  ( -1.098493929786631185, 2.606814834742186004, 0.09999999999999996392 ) ) ;
#1373 = CYLINDRICAL_SURFACE ( 'NONE', #2314, 0.1000239575862023750 ) ;
#1374 = ORIENTED_EDGE ( 'NONE', *, *, #2895, .F. ) ;
#1375 = DIRECTION ( 'NONE',  ( 0.9659258262890689783, 0.2588190451025180194, -0.000000000000000000 ) ) ;
#1376 = DIRECTION ( 'NONE',  ( -0.2588190451025180749, -0.9659258262890690894, 0.000000000000000000 ) ) ;
#1377 = VECTOR ( 'NONE', #1416, 39.37007874015748143 ) ;
#1378 = ORIENTED_EDGE ( 'NONE', *, *, #1647, .T. ) ;
#1379 = PLANE ( 'NONE',  #3142 ) ;
#1380 = DIRECTION ( 'NONE',  ( 0.2588190451025181860, -0.9659258262890689783, 0.000000000000000000 ) ) ;
#1381 = VECTOR ( 'NONE', #2620, 39.37007874015748143 ) ;
#1382 = ORIENTED_EDGE ( 'NONE', *, *, #2502, .F. ) ;
#1383 = VERTEX_POINT ( 'NONE', #2579 ) ;
#1384 = CARTESIAN_POINT ( 'NONE',  ( 0.5163098243010494359, 0.4340741737109304887, -2.395758620178639999E-05 ) ) ;
#1385 = DIRECTION ( 'NONE',  ( 0.2588190451025196848, -0.9659258262890686453, 0.000000000000000000 ) ) ;
#1386 = VECTOR ( 'NONE', #2134, 39.37007874015748143 ) ;
#1387 = CARTESIAN_POINT ( 'NONE',  ( 0.4123219057207506144, 0.4323563087115465109, 0.1958559013331335474 ) ) ;
#1388 = DIRECTION ( 'NONE',  ( -0.9659258262890689783, -0.2588190451025181305, 0.000000000000000000 ) ) ;
#1389 = CARTESIAN_POINT ( 'NONE',  ( -1.033947914506085919, 2.365925826289069445, -0.03418907816250381371 ) ) ;
#1390 = ORIENTED_EDGE ( 'NONE', *, *, #2871, .T. ) ;
#1391 = VERTEX_POINT ( 'NONE', #3431 ) ;
#1392 = DIRECTION ( 'NONE',  ( 0.2588190451025180194, -0.9659258262890689783, 2.731847993664262232E-16 ) ) ;
#1393 = DIRECTION ( 'NONE',  ( -0.000000000000000000, -0.000000000000000000, -1.000000000000000000 ) ) ;
#1394 = DIRECTION ( 'NONE',  ( 0.2588190451025196848, -0.9659258262890686453, 0.000000000000000000 ) ) ;
#1395 = ORIENTED_EDGE ( 'NONE', *, *, #2883, .F. ) ;
#1396 = CARTESIAN_POINT ( 'NONE',  ( -0.2158415228850489587, -1.365923996832131609E-16, 0.2999999999999999889 ) ) ;
#1397 = CARTESIAN_POINT ( 'NONE',  ( 0.9849581196504223479, 2.337641555041607866, -0.09999999999999983902 ) ) ;
#1398 = ADVANCED_FACE ( 'NONE', ( #2302 ), #3411, .T. ) ;
#1399 = ORIENTED_EDGE ( 'NONE', *, *, #165, .F. ) ;
#1400 = ORIENTED_EDGE ( 'NONE', *, *, #2871, .F. ) ;
#1401 = CARTESIAN_POINT ( 'NONE',  ( -1.098493929786631185, 2.606814834742186004, 0.2999999999999999889 ) ) ;
#1402 = ADVANCED_FACE ( 'NONE', ( #311 ), #44, .F. ) ;
#1403 = EDGE_CURVE ( 'NONE', #482, #1383, #3591, .T. ) ;
#1404 = AXIS2_PLACEMENT_3D ( 'NONE', #1225, #888, #2344 ) ;
#1405 = FACE_OUTER_BOUND ( 'NONE', #3354, .T. ) ;
#1406 = DIRECTION ( 'NONE',  ( -0.9659258262890689783, 0.2588190451025181305, -0.000000000000000000 ) ) ;
#1407 = CARTESIAN_POINT ( 'NONE',  ( 0.9953108814545231775, 2.376278588093170274, 0.2999999999999999889 ) ) ;
#1408 = ORIENTED_EDGE ( 'NONE', *, *, #421, .T. ) ;
#1409 = EDGE_LOOP ( 'NONE', ( #322, #2644, #3266, #2269 ) ) ;
#1410 = EDGE_CURVE ( 'NONE', #3237, #939, #186, .T. ) ;
#1411 = LINE ( 'NONE', #3600, #2095 ) ;
#1412 = CARTESIAN_POINT ( 'NONE',  ( -0.5059570624969486063, 0.3954371406593677474, -0.03418907816250330717 ) ) ;
#1413 = EDGE_CURVE ( 'NONE', #3453, #614, #1032, .T. ) ;
#1414 = VECTOR ( 'NONE', #3239, 39.37007874015748143 ) ;
#1415 = EDGE_LOOP ( 'NONE', ( #3325, #91, #1149, #1758 ) ) ;
#1416 = DIRECTION ( 'NONE',  ( -0.000000000000000000, -0.000000000000000000, 1.000000000000000000 ) ) ;
#1417 = CARTESIAN_POINT ( 'NONE',  ( 0.5163098243010494359, 0.4340741737109306553, -0.03418907816250348064 ) ) ;
#1418 = ORIENTED_EDGE ( 'NONE', *, *, #1582, .T. ) ;
#1419 = VERTEX_POINT ( 'NONE', #3470 ) ;
#1420 = DIRECTION ( 'NONE',  ( -0.2588190451025175198, -0.9659258262890690894, 0.000000000000000000 ) ) ;
#1421 = ADVANCED_FACE ( 'NONE', ( #1820 ), #171, .T. ) ;
#1422 = VECTOR ( 'NONE', #617, 39.37007874015748854 ) ;
#1423 = EDGE_CURVE ( 'NONE', #154, #3448, #441, .T. ) ;
#1424 = DIRECTION ( 'NONE',  ( 0.9659258262890690894, 0.2588190451025180749, -0.000000000000000000 ) ) ;
#1425 = VECTOR ( 'NONE', #1665, 39.37007874015748143 ) ;
#1426 = DIRECTION ( 'NONE',  ( -0.2588190451025181860, -0.9659258262890689783, 0.000000000000000000 ) ) ;
#1427 = VECTOR ( 'NONE', #1388, 39.37007874015748143 ) ;
#1428 = DIRECTION ( 'NONE',  ( -0.9659258262890690894, -0.2588190451025180749, 0.000000000000000000 ) ) ;
#1429 = VERTEX_POINT ( 'NONE', #1560 ) ;
#1430 = ADVANCED_FACE ( 'NONE', ( #2698 ), #2360, .F. ) ;
#1431 = ORIENTED_EDGE ( 'NONE', *, *, #2867, .F. ) ;
#1432 = PLANE ( 'NONE',  #504 ) ;
#1433 = LINE ( 'NONE', #59, #78 ) ;
#1434 = ORIENTED_EDGE ( 'NONE', *, *, #623, .F. ) ;
#1435 = VECTOR ( 'NONE', #1683, 39.37007874015748854 ) ;
#1436 = CARTESIAN_POINT ( 'NONE',  ( -0.5163098243010494359, 0.4340741737109304887, -2.395758620178639999E-05 ) ) ;
#1437 = EDGE_CURVE ( 'NONE', #2212, #2275, #1775, .T. ) ;
#1438 = CARTESIAN_POINT ( 'NONE',  ( -0.1327519817400604207, 0.4954371406593668370, 0.2599999999999999534 ) ) ;
#1439 = VECTOR ( 'NONE', #542, 39.37007874015748854 ) ;
#1440 = ADVANCED_FACE ( 'NONE', ( #2964 ), #1543, .F. ) ;
#1441 = VERTEX_POINT ( 'NONE', #3202 ) ;
#1442 = CIRCLE ( 'NONE', #3495, 0.1999999999999999001 ) ;
#1443 = CARTESIAN_POINT ( 'NONE',  ( -0.3999999999999999667, 0.000000000000000000, -0.3000000000000002665 ) ) ;
#1444 = AXIS2_PLACEMENT_3D ( 'NONE', #2533, #892, #3060 ) ;
#1445 = ORIENTED_EDGE ( 'NONE', *, *, #1629, .F. ) ;
#1446 = VECTOR ( 'NONE', #1628, 39.37007874015748854 ) ;
#1447 = DIRECTION ( 'NONE',  ( -0.2588190451025196848, -0.9659258262890686453, 0.000000000000000000 ) ) ;
#1448 = CARTESIAN_POINT ( 'NONE',  ( -1.033947914506085919, 2.365925826289069445, -0.09999999999999985290 ) ) ;
#1449 = DIRECTION ( 'NONE',  ( 0.000000000000000000, 0.000000000000000000, 1.000000000000000000 ) ) ;
#1450 = VERTEX_POINT ( 'NONE', #1854 ) ;
#1451 = ORIENTED_EDGE ( 'NONE', *, *, #1026, .F. ) ;
#1452 = LINE ( 'NONE', #3394, #3369 ) ;
#1453 = EDGE_CURVE ( 'NONE', #585, #591, #3220, .T. ) ;
#1454 = DIRECTION ( 'NONE',  ( 0.9659258262890690894, 0.2588190451025180749, -0.000000000000000000 ) ) ;
#1455 = ORIENTED_EDGE ( 'NONE', *, *, #433, .T. ) ;
#1456 = DIRECTION ( 'NONE',  ( -0.2588190451025187411, -0.9659258262890688673, 0.000000000000000000 ) ) ;
#1457 = CARTESIAN_POINT ( 'NONE',  ( 0.9953108814545228444, 2.376278588093170274, -0.03418907816250382065 ) ) ;
#1458 = DIRECTION ( 'NONE',  ( 0.000000000000000000, 0.000000000000000000, -1.000000000000000000 ) ) ;
#1459 = ADVANCED_BREP_SHAPE_REPRESENTATION ( '423-0292', ( #1123, #2278, #218 ), #2036 ) ;
#1460 = EDGE_LOOP ( 'NONE', ( #2158, #20, #2671, #1504 ) ) ;
#1461 = DIRECTION ( 'NONE',  ( -0.2588190451025176864, -0.9659258262890692004, 0.000000000000000000 ) ) ;
#1462 = ORIENTED_EDGE ( 'NONE', *, *, #2071, .T. ) ;
#1463 = EDGE_CURVE ( 'NONE', #880, #2878, #961, .T. ) ;
#1464 = SURFACE_STYLE_FILL_AREA ( #418 ) ;
#1465 = DIRECTION ( 'NONE',  ( -0.9659258262890690894, 0.2588190451025181860, -1.232595164407831220E-32 ) ) ;
#1466 = DIRECTION ( 'NONE',  ( 0.2588190451025196848, -0.9659258262890686453, 0.000000000000000000 ) ) ;
#1467 = VECTOR ( 'NONE', #1984, 39.37007874015748854 ) ;
#1468 = ORIENTED_EDGE ( 'NONE', *, *, #3356, .F. ) ;
#1469 = ORIENTED_EDGE ( 'NONE', *, *, #68, .F. ) ;
#1470 = VECTOR ( 'NONE', #2494, 39.37007874015748854 ) ;
#1471 = FACE_OUTER_BOUND ( 'NONE', #3199, .T. ) ;
#1472 = CARTESIAN_POINT ( 'NONE',  ( 0.5163098243010494359, 0.4340741737109306553, 0.1000000000000003109 ) ) ;
#1473 = ORIENTED_EDGE ( 'NONE', *, *, #1672, .F. ) ;
#1474 = LINE ( 'NONE', #2597, #1671 ) ;
#1475 = PLANE ( 'NONE',  #3286 ) ;
#1476 = VECTOR ( 'NONE', #2128, 39.37007874015748143 ) ;
#1477 = LINE ( 'NONE', #83, #962 ) ;
#1478 = VERTEX_POINT ( 'NONE', #981 ) ;
#1479 = DIRECTION ( 'NONE',  ( -0.2588190451025181305, -0.9659258262890689783, 0.000000000000000000 ) ) ;
#1480 = EDGE_CURVE ( 'NONE', #3119, #3009, #196, .T. ) ;
#1481 = ORIENTED_EDGE ( 'NONE', *, *, #1002, .F. ) ;
#1482 = ADVANCED_FACE ( 'NONE', ( #1525 ), #2135, .T. ) ;
#1483 = LINE ( 'NONE', #2350, #3500 ) ;
#1484 = AXIS2_PLACEMENT_3D ( 'NONE', #631, #2872, #350 ) ;
#1485 = DIRECTION ( 'NONE',  ( 0.2588190451025176864, 0.9659258262890692004, 0.000000000000000000 ) ) ;
#1486 = DIRECTION ( 'NONE',  ( -0.9659258262890689783, 0.2588190451025180194, 0.000000000000000000 ) ) ;
#1487 = EDGE_CURVE ( 'NONE', #1187, #414, #115, .T. ) ;
#1488 = ORIENTED_EDGE ( 'NONE', *, *, #2345, .F. ) ;
#1489 = ORIENTED_EDGE ( 'NONE', *, *, #238, .T. ) ;
#1490 = CARTESIAN_POINT ( 'NONE',  ( -1.098493929786631629, 2.606814834742186449, -0.09999999999999996392 ) ) ;
#1491 = DIRECTION ( 'NONE',  ( 0.9659258262890690894, 0.2588190451025180749, -0.000000000000000000 ) ) ;
#1492 = ORIENTED_EDGE ( 'NONE', *, *, #2634, .T. ) ;
#1493 = CARTESIAN_POINT ( 'NONE',  ( 0.3613629669484372253, 0.01035276180410072376, 0.2999999999999999889 ) ) ;
#1494 = DIRECTION ( 'NONE',  ( -0.9659258262890689783, 0.2588190451025180194, 0.000000000000000000 ) ) ;
#1495 = ORIENTED_EDGE ( 'NONE', *, *, #3280, .F. ) ;
#1496 = VERTEX_POINT ( 'NONE', #2430 ) ;
#1497 = FACE_OUTER_BOUND ( 'NONE', #2989, .T. ) ;
#1498 = ORIENTED_EDGE ( 'NONE', *, *, #238, .F. ) ;
#1499 = AXIS2_PLACEMENT_3D ( 'NONE', #848, #3085, #3037 ) ;
#1500 = CARTESIAN_POINT ( 'NONE',  ( 1.059856896735068776, 2.617167596546287278, -0.2999999999999999889 ) ) ;
#1501 = CARTESIAN_POINT ( 'NONE',  ( 1.041343250457477998, 2.393525595798705385, 0.004144098666866618923 ) ) ;
#1502 = LINE ( 'NONE', #703, #834 ) ;
#1503 = VECTOR ( 'NONE', #713, 39.37007874015748143 ) ;
#1504 = ORIENTED_EDGE ( 'NONE', *, *, #536, .T. ) ;
#1505 = EDGE_LOOP ( 'NONE', ( #457, #2980, #1865, #2798 ) ) ;
#1506 = DIRECTION ( 'NONE',  ( 1.000000000000000000, 0.000000000000000000, 0.000000000000000000 ) ) ;
#1507 = DIRECTION ( 'NONE',  ( 0.9659258262890690894, 0.2588190451025181860, -1.232595164407831220E-32 ) ) ;
#1508 = CARTESIAN_POINT ( 'NONE',  ( 0.9477080936812799505, 2.430444763850883927, 0.2341890781625032281 ) ) ;
#1509 = VERTEX_POINT ( 'NONE', #3545 ) ;
#1510 = LINE ( 'NONE', #1805, #1556 ) ;
#1511 = DIRECTION ( 'NONE',  ( -0.9659258262890687563, -0.2588190451025187966, -0.000000000000000000 ) ) ;
#1512 = ORIENTED_EDGE ( 'NONE', *, *, #2442, .T. ) ;
#1513 = VERTEX_POINT ( 'NONE', #2399 ) ;
#1514 = CARTESIAN_POINT ( 'NONE',  ( -1.098493929786631629, 2.606814834742186893, 0.2999999999999999889 ) ) ;
#1515 = EDGE_CURVE ( 'NONE', #2538, #2119, #3418, .T. ) ;
#1516 = ORIENTED_EDGE ( 'NONE', *, *, #2180, .F. ) ;
#1517 = FACE_OUTER_BOUND ( 'NONE', #1539, .T. ) ;
#1518 = CARTESIAN_POINT ( 'NONE',  ( -0.2158415228850489032, 0.2399999999999999079, 0.2999999999999999889 ) ) ;
#1519 = DIRECTION ( 'NONE',  ( 0.000000000000000000, 0.000000000000000000, -1.000000000000000000 ) ) ;
#1520 = EDGE_CURVE ( 'NONE', #3114, #2699, #312, .T. ) ;
#1521 = ORIENTED_EDGE ( 'NONE', *, *, #1103, .T. ) ;
#1522 = VERTEX_POINT ( 'NONE', #3269 ) ;
#1523 = CARTESIAN_POINT ( 'NONE',  ( 1.044300676310186748, 2.404562859340633629, 0.2999999999999999889 ) ) ;
#1524 = DIRECTION ( 'NONE',  ( -0.9659258262890690894, -0.2588190451025180749, 0.000000000000000000 ) ) ;
#1525 = FACE_OUTER_BOUND ( 'NONE', #1505, .T. ) ;
#1526 = EDGE_CURVE ( 'NONE', #3360, #2539, #1802, .T. ) ;
#1527 = ORIENTED_EDGE ( 'NONE', *, *, #546, .T. ) ;
#1528 = AXIS2_PLACEMENT_3D ( 'NONE', #1438, #2272, #3148 ) ;
#1529 = LINE ( 'NONE', #190, #2613 ) ;
#1530 = DIRECTION ( 'NONE',  ( 0.9659258262890690894, 0.2588190451025180749, -0.000000000000000000 ) ) ;
#1531 = EDGE_LOOP ( 'NONE', ( #2478, #79, #300, #2391 ) ) ;
#1532 = CARTESIAN_POINT ( 'NONE',  ( 1.059836019695921561, 2.462541550169224269, 0.09999999999999970024 ) ) ;
#1533 = ORIENTED_EDGE ( 'NONE', *, *, #1403, .F. ) ;
#1534 = FACE_OUTER_BOUND ( 'NONE', #2033, .T. ) ;
#1535 = CIRCLE ( 'NONE', #1593, 0.1999999999999999001 ) ;
#1536 = EDGE_CURVE ( 'NONE', #3141, #3009, #3235, .T. ) ;
#1537 = PLANE ( 'NONE',  #1592 ) ;
#1538 = ADVANCED_FACE ( 'NONE', ( #774 ), #1872, .F. ) ;
#1539 = EDGE_LOOP ( 'NONE', ( #1010, #2292, #3074, #2686 ) ) ;
#1540 = VECTOR ( 'NONE', #2560, 39.37007874015748854 ) ;
#1541 = ORIENTED_EDGE ( 'NONE', *, *, #514, .F. ) ;
#1542 = CARTESIAN_POINT ( 'NONE',  ( 1.041343250457477776, 2.393525595798705830, 0.1958559013331328258 ) ) ;
#1543 = CYLINDRICAL_SURFACE ( 'NONE', #787, 0.1000239575862020974 ) ;
#1544 = AXIS2_PLACEMENT_3D ( 'NONE', #216, #1338, #3573 ) ;
#1545 = EDGE_CURVE ( 'NONE', #1303, #2920, #1614, .T. ) ;
#1546 = VERTEX_POINT ( 'NONE', #1929 ) ;
#1547 = DIRECTION ( 'NONE',  ( -0.2588190451025180194, -0.9659258262890689783, 0.000000000000000000 ) ) ;
#1548 = VECTOR ( 'NONE', #1306, 39.37007874015748143 ) ;
#1549 = SURFACE_STYLE_FILL_AREA ( #174 ) ;
#1550 = AXIS2_PLACEMENT_3D ( 'NONE', #15, #2017, #1193 ) ;
#1551 = ORIENTED_EDGE ( 'NONE', *, *, #3603, .T. ) ;
#1552 = LINE ( 'NONE', #449, #2446 ) ;
#1553 = EDGE_LOOP ( 'NONE', ( #1498, #3497, #3257, #3277 ) ) ;
#1554 = CARTESIAN_POINT ( 'NONE',  ( 1.023595152701985311, 2.327288793237507480, -0.09999999999999999167 ) ) ;
#1555 = CARTESIAN_POINT ( 'NONE',  ( -0.4904217191112137941, 0.3374584498307756086, 0.1000000000000003109 ) ) ;
#1556 = VECTOR ( 'NONE', #3167, 39.37007874015748854 ) ;
#1557 = VERTEX_POINT ( 'NONE', #1651 ) ;
#1558 = ORIENTED_EDGE ( 'NONE', *, *, #1132, .T. ) ;
#1559 = FACE_OUTER_BOUND ( 'NONE', #2076, .T. ) ;
#1560 = CARTESIAN_POINT ( 'NONE',  ( 1.059856896735068776, 2.617167596546287722, 0.2999999999999999889 ) ) ;
#1561 = AXIS2_PLACEMENT_3D ( 'NONE', #1126, #3382, #593 ) ;
#1562 = EDGE_CURVE ( 'NONE', #2583, #3374, #2224, .T. ) ;
#1563 = ORIENTED_EDGE ( 'NONE', *, *, #3601, .T. ) ;
#1564 = VECTOR ( 'NONE', #3076, 39.37007874015748854 ) ;
#1565 = DIRECTION ( 'NONE',  ( 0.2588190451025180749, -0.9659258262890690894, 0.000000000000000000 ) ) ;
#1566 = EDGE_CURVE ( 'NONE', #3433, #3255, #3334, .T. ) ;
#1567 = VECTOR ( 'NONE', #3576, 39.37007874015748143 ) ;
#1568 = EDGE_CURVE ( 'NONE', #482, #517, #516, .T. ) ;
#1569 = VERTEX_POINT ( 'NONE', #1324 ) ;
#1570 = DIRECTION ( 'NONE',  ( -0.2588190451025196848, -0.9659258262890686453, 0.000000000000000000 ) ) ;
#1571 = AXIS2_PLACEMENT_3D ( 'NONE', #14, #3116, #1447 ) ;
#1572 = ORIENTED_EDGE ( 'NONE', *, *, #1903, .T. ) ;
#1573 = DIRECTION ( 'NONE',  ( -0.2588190451025181860, -0.9659258262890689783, 0.000000000000000000 ) ) ;
#1574 = CARTESIAN_POINT ( 'NONE',  ( -0.9953108814545231775, 2.376278588093170274, 0.2341890781625032281 ) ) ;
#1575 = EDGE_CURVE ( 'NONE', #1599, #2212, #2431, .T. ) ;
#1576 = VERTEX_POINT ( 'NONE', #3319 ) ;
#1577 = CARTESIAN_POINT ( 'NONE',  ( 0.5089144883496575789, 0.4064744042012947145, 0.1958559013331335752 ) ) ;
#1578 = CARTESIAN_POINT ( 'NONE',  ( -0.4300700034762432455, 0.4985931112727450265, -0.05999999999999931777 ) ) ;
#1579 = DIRECTION ( 'NONE',  ( -0.9659258262890690894, 0.2588190451025180749, 0.000000000000000000 ) ) ;
#1580 = ORIENTED_EDGE ( 'NONE', *, *, #1545, .T. ) ;
#1581 = DIRECTION ( 'NONE',  ( 0.2588190451025176864, -0.9659258262890692004, 1.814117808292675425E-15 ) ) ;
#1582 = EDGE_CURVE ( 'NONE', #1901, #3506, #1081, .T. ) ;
#1583 = DIRECTION ( 'NONE',  ( 0.9659258262890690894, 0.2588190451025180749, -0.000000000000000000 ) ) ;
#1584 = ADVANCED_FACE ( 'NONE', ( #237 ), #2451, .T. ) ;
#1585 = ORIENTED_EDGE ( 'NONE', *, *, #533, .F. ) ;
#1586 = CARTESIAN_POINT ( 'NONE',  ( 0.2158415228850488754, 0.04000000000000000083, -0.2999999999999999889 ) ) ;
#1587 = DIRECTION ( 'NONE',  ( 0.000000000000000000, -1.000000000000000000, 0.000000000000000000 ) ) ;
#1588 = VERTEX_POINT ( 'NONE', #3596 ) ;
#1589 = EDGE_CURVE ( 'NONE', #1150, #1652, #1048, .T. ) ;
#1590 = DIRECTION ( 'NONE',  ( -0.9659258262890690894, -0.2588190451025180749, 0.000000000000000000 ) ) ;
#1591 = CARTESIAN_POINT ( 'NONE',  ( 1.021198986644358486, 2.472894311973325099, 0.09999999999999970024 ) ) ;
#1592 = AXIS2_PLACEMENT_3D ( 'NONE', #2661, #148, #164 ) ;
#1593 = AXIS2_PLACEMENT_3D ( 'NONE', #947, #2306, #3437 ) ;
#1594 = EDGE_LOOP ( 'NONE', ( #957, #2507, #1326, #1027 ) ) ;
#1595 = CYLINDRICAL_SURFACE ( 'NONE', #884, 0.03999999999999993838 ) ;
#1596 = LINE ( 'NONE', #1355, #809 ) ;
#1597 = CARTESIAN_POINT ( 'NONE',  ( 0.4476637211944254902, 0.1778834291753955688, 0.2999999999999999889 ) ) ;
#1598 = ADVANCED_FACE ( 'NONE', ( #253 ), #1373, .F. ) ;
#1599 = VERTEX_POINT ( 'NONE', #3614 ) ;
#1600 = DIRECTION ( 'NONE',  ( -0.2588190451025181860, -0.9659258262890689783, 0.000000000000000000 ) ) ;
#1601 = AXIS2_PLACEMENT_3D ( 'NONE', #3061, #548, #2787 ) ;
#1602 = CARTESIAN_POINT ( 'NONE',  ( 1.098493929786631629, 2.606814834742186449, -0.2999999999999999889 ) ) ;
#1603 = ORIENTED_EDGE ( 'NONE', *, *, #1293, .T. ) ;
#1604 = LINE ( 'NONE', #3292, #211 ) ;
#1605 = AXIS2_PLACEMENT_3D ( 'NONE', #1508, #1271, #1237 ) ;
#1606 = CIRCLE ( 'NONE', #197, 0.03999999999999993838 ) ;
#1607 = CARTESIAN_POINT ( 'NONE',  ( -0.4090266881428627488, 0.1882361909794962873, -0.2999999999999999889 ) ) ;
#1608 = ORIENTED_EDGE ( 'NONE', *, *, #215, .T. ) ;
#1609 = DIRECTION ( 'NONE',  ( -0.000000000000000000, -0.000000000000000000, 1.000000000000000000 ) ) ;
#1610 = CARTESIAN_POINT ( 'NONE',  ( 1.059856896735068776, 2.617167596546286834, -0.09999999999999999167 ) ) ;
#1611 = ORIENTED_EDGE ( 'NONE', *, *, #324, .F. ) ;
#1612 = DIRECTION ( 'NONE',  ( 0.2588190451025175198, -0.9659258262890690894, 0.000000000000000000 ) ) ;
#1613 = DIRECTION ( 'NONE',  ( 0.000000000000000000, 0.000000000000000000, 1.000000000000000000 ) ) ;
#1614 = LINE ( 'NONE', #2484, #1425 ) ;
#1615 = VECTOR ( 'NONE', #2300, 39.37007874015748143 ) ;
#1616 = ORIENTED_EDGE ( 'NONE', *, *, #3014, .F. ) ;
#1617 = DIRECTION ( 'NONE',  ( 1.000000000000000000, 0.000000000000000000, 0.000000000000000000 ) ) ;
#1618 = CIRCLE ( 'NONE', #3208, 0.03999999999999993838 ) ;
#1619 = CARTESIAN_POINT ( 'NONE',  ( 0.4397197676620212548, 0.1482361909794963628, -0.2999999999999999889 ) ) ;
#1620 = VECTOR ( 'NONE', #2990, 39.37007874015748143 ) ;
#1621 = DIRECTION ( 'NONE',  ( 0.9659258262890689783, 0.2588190451025180194, -0.000000000000000000 ) ) ;
#1622 = EDGE_LOOP ( 'NONE', ( #3002, #2960, #1877, #335 ) ) ;
#1623 = PLANE ( 'NONE',  #267 ) ;
#1624 = CARTESIAN_POINT ( 'NONE',  ( -0.4776727912494866390, 0.4444269355150312628, 0.2341890781625039497 ) ) ;
#1625 = APPLICATION_CONTEXT ( 'automotive_design' ) ;
#1626 = VECTOR ( 'NONE', #2250, 39.37007874015748854 ) ;
#1627 = ORIENTED_EDGE ( 'NONE', *, *, #3478, .T. ) ;
#1628 = DIRECTION ( 'NONE',  ( 0.9659258262890689783, -0.2588190451025181305, 1.232595164407830672E-32 ) ) ;
#1629 = EDGE_CURVE ( 'NONE', #775, #1128, #1104, .T. ) ;
#1630 = CARTESIAN_POINT ( 'NONE',  ( 1.033947914506086141, 2.365925826289069445, -0.05999999999999984512 ) ) ;
#1631 = CYLINDRICAL_SURFACE ( 'NONE', #1353, 0.03999999999999998695 ) ;
#1632 = DIRECTION ( 'NONE',  ( -0.9659258262890689783, 0.2588190451025180194, 0.000000000000000000 ) ) ;
#1633 = LINE ( 'NONE', #1067, #674 ) ;
#1634 = VERTEX_POINT ( 'NONE', #1389 ) ;
#1635 = FACE_OUTER_BOUND ( 'NONE', #2836, .T. ) ;
#1636 = DIRECTION ( 'NONE',  ( -0.9659258262890689783, -0.2588190451025181305, 1.232595164407830946E-32 ) ) ;
#1637 = EDGE_CURVE ( 'NONE', #2070, #1708, #1633, .T. ) ;
#1638 = SHAPE_DEFINITION_REPRESENTATION ( #2659, #1459 ) ;
#1639 = ORIENTED_EDGE ( 'NONE', *, *, #278, .T. ) ;
#1640 = CARTESIAN_POINT ( 'NONE',  ( 1.111620705755572258, 2.810352761804100208, -0.09999999999999985290 ) ) ;
#1641 = CARTESIAN_POINT ( 'NONE',  ( -1.098493929786631407, 2.606814834742186004, 0.09999999999999996392 ) ) ;
#1642 = CIRCLE ( 'NONE', #351, 0.1000239575862020974 ) ;
#1643 = ORIENTED_EDGE ( 'NONE', *, *, #3273, .T. ) ;
#1644 = AXIS2_PLACEMENT_3D ( 'NONE', #1693, #2529, #3341 ) ;
#1645 = FACE_OUTER_BOUND ( 'NONE', #3243, .T. ) ;
#1646 = DIRECTION ( 'NONE',  ( 0.2588190451025181860, -0.9659258262890689783, 0.000000000000000000 ) ) ;
#1647 = EDGE_CURVE ( 'NONE', #1557, #863, #3300, .T. ) ;
#1648 = DIRECTION ( 'NONE',  ( 0.9659258262890689783, -0.2588190451025181305, 0.000000000000000000 ) ) ;
#1649 = DIRECTION ( 'NONE',  ( -0.9659258262890690894, -0.2588190451025181860, -0.000000000000000000 ) ) ;
#1650 = VECTOR ( 'NONE', #849, 39.37007874015748854 ) ;
#1651 = CARTESIAN_POINT ( 'NONE',  ( 1.098493929786631629, 2.606814834742186893, -0.3000000000000002665 ) ) ;
#1652 = VERTEX_POINT ( 'NONE', #2754 ) ;
#1653 = DIRECTION ( 'NONE',  ( -0.9659258262890689783, 0.2588190451025180194, 0.000000000000000000 ) ) ;
#1654 = PLANE ( 'NONE',  #726 ) ;
#1655 = ORIENTED_EDGE ( 'NONE', *, *, #2336, .T. ) ;
#1656 = LINE ( 'NONE', #1362, #3203 ) ;
#1657 = VECTOR ( 'NONE', #2456, 39.37007874015748854 ) ;
#1658 = CARTESIAN_POINT ( 'NONE',  ( 0.5163098243010494359, 0.4340741737109306553, 0.2999999999999999889 ) ) ;
#1659 = ORIENTED_EDGE ( 'NONE', *, *, #3253, .T. ) ;
#1660 = VECTOR ( 'NONE', #3297, 39.37007874015748143 ) ;
#1661 = PLANE ( 'NONE',  #2505 ) ;
#1662 = DIRECTION ( 'NONE',  ( -0.9659258262890690894, 0.2588190451025180749, 0.000000000000000000 ) ) ;
#1663 = DIRECTION ( 'NONE',  ( -0.2588190451025176864, -0.9659258262890692004, 0.000000000000000000 ) ) ;
#1664 = CARTESIAN_POINT ( 'NONE',  ( -1.098493929786631629, 2.606814834742186893, -0.2999999999999999889 ) ) ;
#1665 = DIRECTION ( 'NONE',  ( -0.000000000000000000, -0.000000000000000000, -1.000000000000000000 ) ) ;
#1666 = ORIENTED_EDGE ( 'NONE', *, *, #1297, .F. ) ;
#1667 = AXIS2_PLACEMENT_3D ( 'NONE', #1822, #1565, #173 ) ;
#1668 = DIRECTION ( 'NONE',  ( 0.000000000000000000, 1.000000000000000000, -2.638762530576288081E-16 ) ) ;
#1669 = ADVANCED_FACE ( 'NONE', ( #532 ), #1910, .T. ) ;
#1670 = CARTESIAN_POINT ( 'NONE',  ( 1.111620705755572258, 2.810352761804100208, 0.1000000000000000194 ) ) ;
#1671 = VECTOR ( 'NONE', #1202, 39.37007874015748854 ) ;
#1672 = EDGE_CURVE ( 'NONE', #869, #2942, #843, .T. ) ;
#1673 = ORIENTED_EDGE ( 'NONE', *, *, #2141, .F. ) ;
#1674 = DIRECTION ( 'NONE',  ( -0.2588190451025196848, -0.9659258262890686453, 0.000000000000000000 ) ) ;
#1675 = DIRECTION ( 'NONE',  ( 0.2588190451025180749, -0.9659258262890689783, 0.000000000000000000 ) ) ;
#1676 = EDGE_CURVE ( 'NONE', #1361, #2007, #756, .T. ) ;
#1677 = CIRCLE ( 'NONE', #803, 0.2000000000000000111 ) ;
#1678 = ORIENTED_EDGE ( 'NONE', *, *, #3429, .T. ) ;
#1679 = ORIENTED_EDGE ( 'NONE', *, *, #1300, .F. ) ;
#1680 = CARTESIAN_POINT ( 'NONE',  ( 1.005663643258623674, 2.414915621144733127, 0.2341890781625032281 ) ) ;
#1681 = DIRECTION ( 'NONE',  ( 0.2588190451025181860, -0.9659258262890689783, 0.000000000000000000 ) ) ;
#1682 = CYLINDRICAL_SURFACE ( 'NONE', #124, 0.03999999999999998695 ) ;
#1683 = DIRECTION ( 'NONE',  ( 0.9659258262890689783, -0.2588190451025181305, 0.000000000000000000 ) ) ;
#1684 = DIRECTION ( 'NONE',  ( 0.2588190451025176864, -0.9659258262890692004, 0.000000000000000000 ) ) ;
#1685 = EDGE_CURVE ( 'NONE', #3022, #3209, #3350, .T. ) ;
#1686 = ORIENTED_EDGE ( 'NONE', *, *, #1049, .F. ) ;
#1687 = LINE ( 'NONE', #3376, #3314 ) ;
#1688 = LINE ( 'NONE', #1892, #1192 ) ;
#1689 = DIRECTION ( 'NONE',  ( -0.9659258262890690894, -0.2588190451025180749, 0.000000000000000000 ) ) ;
#1690 = ORIENTED_EDGE ( 'NONE', *, *, #1575, .F. ) ;
#1691 = EDGE_CURVE ( 'NONE', #1450, #2150, #1312, .T. ) ;
#1692 = DIRECTION ( 'NONE',  ( 0.000000000000000000, 0.000000000000000000, -1.000000000000000000 ) ) ;
#1693 = CARTESIAN_POINT ( 'NONE',  ( 0.4093644798680418639, 0.4213190451696195438, -0.03418907816250330717 ) ) ;
#1694 = EDGE_CURVE ( 'NONE', #1634, #1150, #289, .T. ) ;
#1695 = VERTEX_POINT ( 'NONE', #1757 ) ;
#1696 = ORIENTED_EDGE ( 'NONE', *, *, #3169, .F. ) ;
#1697 = LINE ( 'NONE', #302, #918 ) ;
#1698 = EDGE_CURVE ( 'NONE', #2217, #169, #1258, .T. ) ;
#1699 = VECTOR ( 'NONE', #3108, 39.37007874015748143 ) ;
#1700 = CARTESIAN_POINT ( 'NONE',  ( 0.3613629669484372253, 0.01035276180410072376, -0.2999999999999999889 ) ) ;
#1701 = AXIS2_PLACEMENT_3D ( 'NONE', #3575, #2863, #2277 ) ;
#1702 = CARTESIAN_POINT ( 'NONE',  ( 0.7252888490297455526, 2.706814834742185205, 0.2999999999999999889 ) ) ;
#1703 = CYLINDRICAL_SURFACE ( 'NONE', #967, 0.1999999999999999278 ) ;
#1704 = VERTEX_POINT ( 'NONE', #916 ) ;
#1705 = ORIENTED_EDGE ( 'NONE', *, *, #2450, .T. ) ;
#1706 = CARTESIAN_POINT ( 'NONE',  ( 0.3999999999999999667, 0.000000000000000000, 0.2999999999999999889 ) ) ;
#1707 = DIRECTION ( 'NONE',  ( 0.2588190451025181305, 0.9659258262890689783, -0.000000000000000000 ) ) ;
#1708 = VERTEX_POINT ( 'NONE', #16 ) ;
#1709 = AXIS2_PLACEMENT_3D ( 'NONE', #2387, #429, #3548 ) ;
#1710 = ORIENTED_EDGE ( 'NONE', *, *, #1332, .F. ) ;
#1711 = DIRECTION ( 'NONE',  ( -0.2588190451025181305, 0.9659258262890689783, 0.000000000000000000 ) ) ;
#1712 = CARTESIAN_POINT ( 'NONE',  ( 0.6710955955532985628, 2.504562859340631498, 0.2599999999999999534 ) ) ;
#1713 = DIRECTION ( 'NONE',  ( -0.2588190451025196848, -0.9659258262890686453, 0.000000000000000000 ) ) ;
#1714 = CIRCLE ( 'NONE', #2601, 0.03999999999999998695 ) ;
#1715 = ORIENTED_EDGE ( 'NONE', *, *, #2237, .F. ) ;
#1716 = DIRECTION ( 'NONE',  ( -0.2588190451025175198, -0.9659258262890690894, 1.706996040992177628E-15 ) ) ;
#1717 = ORIENTED_EDGE ( 'NONE', *, *, #3278, .T. ) ;
#1718 = DIRECTION ( 'NONE',  ( -0.9659258262890690894, 0.2588190451025180749, 0.000000000000000000 ) ) ;
#1719 = EDGE_CURVE ( 'NONE', #614, #1829, #3118, .T. ) ;
#1720 = VECTOR ( 'NONE', #270, 39.37007874015748854 ) ;
#1721 = CARTESIAN_POINT ( 'NONE',  ( 1.033947914506085919, 2.365925826289069445, -0.09999999999999985290 ) ) ;
#1722 = CIRCLE ( 'NONE', #2550, 0.03999999999999993838 ) ;
#1723 = CARTESIAN_POINT ( 'NONE',  ( 0.2465346024042074091, 0.000000000000000000, -0.2999999999999999889 ) ) ;
#1724 = ORIENTED_EDGE ( 'NONE', *, *, #1965, .T. ) ;
#1725 = ORIENTED_EDGE ( 'NONE', *, *, #3425, .F. ) ;
#1726 = DIRECTION ( 'NONE',  ( -0.2588190451025180194, -0.9659258262890689783, 0.000000000000000000 ) ) ;
#1727 = DIRECTION ( 'NONE',  ( 0.9659258262890690894, 0.2588190451025180749, -0.000000000000000000 ) ) ;
#1728 = ORIENTED_EDGE ( 'NONE', *, *, #528, .F. ) ;
#1729 = LINE ( 'NONE', #3414, #2791 ) ;
#1730 = LINE ( 'NONE', #1784, #123 ) ;
#1731 = AXIS2_PLACEMENT_3D ( 'NONE', #1969, #3637, #1668 ) ;
#1732 = ADVANCED_FACE ( 'NONE', ( #2261 ), #2887, .T. ) ;
#1733 = ORIENTED_EDGE ( 'NONE', *, *, #2873, .F. ) ;
#1734 = DIRECTION ( 'NONE',  ( 0.000000000000000000, -1.000000000000000000, 2.638762530576288081E-16 ) ) ;
#1735 = AXIS2_PLACEMENT_3D ( 'NONE', #466, #2177, #2704 ) ;
#1736 = EDGE_LOOP ( 'NONE', ( #2050, #3387, #1563, #2851 ) ) ;
#1737 = VECTOR ( 'NONE', #1007, 39.37007874015748854 ) ;
#1738 = CARTESIAN_POINT ( 'NONE',  ( -0.3613629669484372253, 0.01035276180410072376, -0.2999999999999999889 ) ) ;
#1739 = VECTOR ( 'NONE', #3450, 39.37007874015748854 ) ;
#1740 = CARTESIAN_POINT ( 'NONE',  ( 0.2158415228850488754, 0.04000000000000000083, -0.2999999999999999889 ) ) ;
#1741 = DIRECTION ( 'NONE',  ( -0.9659258262890690894, -0.2588190451025180749, 0.000000000000000000 ) ) ;
#1742 = EDGE_LOOP ( 'NONE', ( #2527, #2943, #1843, #3479 ) ) ;
#1743 = ORIENTED_EDGE ( 'NONE', *, *, #259, .F. ) ;
#1744 = CARTESIAN_POINT ( 'NONE',  ( -0.9849581196504222369, 2.337641555041607422, -0.05999999999999984512 ) ) ;
#1745 = CARTESIAN_POINT ( 'NONE',  ( 1.044300676310186526, 2.404562859340632297, -0.03418907816250382065 ) ) ;
#1746 = CIRCLE ( 'NONE', #929, 0.03999999999999993838 ) ;
#1747 = ORIENTED_EDGE ( 'NONE', *, *, #2621, .T. ) ;
#1748 = DIRECTION ( 'NONE',  ( 0.2588190451025175198, -0.9659258262890690894, 0.000000000000000000 ) ) ;
#1749 = FACE_OUTER_BOUND ( 'NONE', #641, .T. ) ;
#1750 = EDGE_CURVE ( 'NONE', #30, #3271, #3138, .T. ) ;
#1751 = CARTESIAN_POINT ( 'NONE',  ( 0.000000000000000000, 0.000000000000000000, 0.2999999999999999889 ) ) ;
#1752 = VERTEX_POINT ( 'NONE', #1723 ) ;
#1753 = CARTESIAN_POINT ( 'NONE',  ( 1.059856896735068776, 2.617167596546287278, 0.09999999999999996392 ) ) ;
#1754 = EDGE_CURVE ( 'NONE', #784, #203, #491, .T. ) ;
#1755 = ORIENTED_EDGE ( 'NONE', *, *, #2578, .F. ) ;
#1756 = CARTESIAN_POINT ( 'NONE',  ( 0.9953108814545231775, 2.376278588093170274, 0.2341890781625032281 ) ) ;
#1757 = CARTESIAN_POINT ( 'NONE',  ( 1.098493929786631629, 2.606814834742186893, 0.2999999999999999889 ) ) ;
#1758 = ORIENTED_EDGE ( 'NONE', *, *, #2840, .T. ) ;
#1759 = ORIENTED_EDGE ( 'NONE', *, *, #2221, .T. ) ;
#1760 = CARTESIAN_POINT ( 'NONE',  ( -0.5089144883496574678, 0.4064744042012948255, 0.1958559013331335474 ) ) ;
#1761 = DIRECTION ( 'NONE',  ( 0.2588190451025180194, 0.9659258262890689783, -2.731847993664262232E-16 ) ) ;
#1762 = ORIENTED_EDGE ( 'NONE', *, *, #3629, .T. ) ;
#1763 = VERTEX_POINT ( 'NONE', #845 ) ;
#1764 = CARTESIAN_POINT ( 'NONE',  ( 0.4093644798680418639, 0.4213190451696195438, 0.2599999999999999534 ) ) ;
#1765 = PLANE ( 'NONE',  #1245 ) ;
#1766 = AXIS2_PLACEMENT_3D ( 'NONE', #663, #1773, #129 ) ;
#1767 = VERTEX_POINT ( 'NONE', #3099 ) ;
#1768 = ORIENTED_EDGE ( 'NONE', *, *, #234, .T. ) ;
#1769 = CARTESIAN_POINT ( 'NONE',  ( -0.4776727912494866390, 0.4444269355150313183, 0.1000000000000003109 ) ) ;
#1770 = ORIENTED_EDGE ( 'NONE', *, *, #1942, .F. ) ;
#1771 = LINE ( 'NONE', #3461, #2738 ) ;
#1772 = CARTESIAN_POINT ( 'NONE',  ( 0.9953108814545231775, 2.376278588093170274, 0.2999999999999999889 ) ) ;
#1773 = DIRECTION ( 'NONE',  ( 0.9659258262890690894, 0.2588190451025180749, -0.000000000000000000 ) ) ;
#1774 = VERTEX_POINT ( 'NONE', #584 ) ;
#1775 = CIRCLE ( 'NONE', #1897, 0.1000239575862020835 ) ;
#1776 = ORIENTED_EDGE ( 'NONE', *, *, #2228, .T. ) ;
#1777 = AXIS2_PLACEMENT_3D ( 'NONE', #250, #2448, #3032 ) ;
#1778 = CARTESIAN_POINT ( 'NONE',  ( 0.2158415228850488199, 8.537024980200822558E-18, 0.2999999999999999889 ) ) ;
#1779 = FACE_OUTER_BOUND ( 'NONE', #1159, .T. ) ;
#1780 = CARTESIAN_POINT ( 'NONE',  ( -1.005663643258623674, 2.414915621144733127, -0.03418907816250382065 ) ) ;
#1781 = ORIENTED_EDGE ( 'NONE', *, *, #1995, .F. ) ;
#1782 = EDGE_CURVE ( 'NONE', #3360, #524, #1964, .T. ) ;
#1783 = DIRECTION ( 'NONE',  ( -0.2588190451025176864, -0.9659258262890692004, 0.000000000000000000 ) ) ;
#1784 = CARTESIAN_POINT ( 'NONE',  ( -0.6710955955532985628, 2.504562859340631498, 0.2999999999999999889 ) ) ;
#1785 = ADVANCED_FACE ( 'NONE', ( #643 ), #1703, .T. ) ;
#1786 = EDGE_LOOP ( 'NONE', ( #1207, #1861, #1790, #1715 ) ) ;
#1787 = CARTESIAN_POINT ( 'NONE',  ( -0.4776727912494866390, 0.4444269355150312628, 0.2999999999999999889 ) ) ;
#1788 = CIRCLE ( 'NONE', #2093, 0.03999999999999998695 ) ;
#1789 = ADVANCED_FACE ( 'NONE', ( #306 ), #2824, .T. ) ;
#1790 = ORIENTED_EDGE ( 'NONE', *, *, #2193, .T. ) ;
#1791 = AXIS2_PLACEMENT_3D ( 'NONE', #349, #959, #1506 ) ;
#1792 = CARTESIAN_POINT ( 'NONE',  ( -0.5089144883496574678, 0.4064744042012948255, 0.004144098666866908622 ) ) ;
#1793 = VECTOR ( 'NONE', #763, 39.37007874015748854 ) ;
#1794 = DIRECTION ( 'NONE',  ( -0.9659258262890689783, -0.2588190451025181305, -0.000000000000000000 ) ) ;
#1795 = CYLINDRICAL_SURFACE ( 'NONE', #2904, 0.2000000000000000111 ) ;
#1796 = EDGE_CURVE ( 'NONE', #585, #1015, #2807, .T. ) ;
#1797 = VECTOR ( 'NONE', #1170, 39.37007874015748143 ) ;
#1798 = ORIENTED_EDGE ( 'NONE', *, *, #1568, .T. ) ;
#1799 = ORIENTED_EDGE ( 'NONE', *, *, #12, .T. ) ;
#1800 = LINE ( 'NONE', #3200, #3152 ) ;
#1801 = DIRECTION ( 'NONE',  ( -0.2588190451025196848, -0.9659258262890686453, 0.000000000000000000 ) ) ;
#1802 = LINE ( 'NONE', #1253, #371 ) ;
#1803 = VECTOR ( 'NONE', #1621, 39.37007874015748854 ) ;
#1804 = ORIENTED_EDGE ( 'NONE', *, *, #346, .F. ) ;
#1805 = CARTESIAN_POINT ( 'NONE',  ( 0.3613629669484372253, 0.01035276180410072376, 0.2999999999999999889 ) ) ;
#1806 = DIRECTION ( 'NONE',  ( 0.000000000000000000, 0.000000000000000000, 1.000000000000000000 ) ) ;
#1807 = EDGE_CURVE ( 'NONE', #2695, #2538, #1157, .T. ) ;
#1808 = ORIENTED_EDGE ( 'NONE', *, *, #2600, .F. ) ;
#1809 = FACE_OUTER_BOUND ( 'NONE', #2894, .T. ) ;
#1810 = EDGE_CURVE ( 'NONE', #597, #863, #1194, .T. ) ;
#1811 = ORIENTED_EDGE ( 'NONE', *, *, #2884, .T. ) ;
#1812 = DIRECTION ( 'NONE',  ( -0.9659258262890690894, 0.2588190451025180749, 0.000000000000000000 ) ) ;
#1813 = FACE_OUTER_BOUND ( 'NONE', #2469, .T. ) ;
#1814 = CARTESIAN_POINT ( 'NONE',  ( 0.2158415228850488754, 0.2399999999999999634, -0.2999999999999999889 ) ) ;
#1815 = EDGE_CURVE ( 'NONE', #2606, #863, #1135, .T. ) ;
#1816 = ORIENTED_EDGE ( 'NONE', *, *, #1002, .T. ) ;
#1817 = ORIENTED_EDGE ( 'NONE', *, *, #1487, .T. ) ;
#1818 = VECTOR ( 'NONE', #1231, 39.37007874015748854 ) ;
#1819 = CARTESIAN_POINT ( 'NONE',  ( 0.4090266881428627488, 0.1882361909794963151, -0.2999999999999999889 ) ) ;
#1820 = FACE_OUTER_BOUND ( 'NONE', #3529, .T. ) ;
#1821 = ORIENTED_EDGE ( 'NONE', *, *, #1216, .T. ) ;
#1822 = CARTESIAN_POINT ( 'NONE',  ( -0.4776727912494866390, 0.4444269355150312628, 0.2999999999999999889 ) ) ;
#1823 = EDGE_CURVE ( 'NONE', #1509, #2622, #2378, .T. ) ;
#1824 = VECTOR ( 'NONE', #2696, 39.37007874015748854 ) ;
#1825 = LENGTH_MEASURE_WITH_UNIT ( LENGTH_MEASURE( 0.02539999999999999897 ), #1875 );
#1826 = ORIENTED_EDGE ( 'NONE', *, *, #165, .T. ) ;
#1827 = LINE ( 'NONE', #2952, #1273 ) ;
#1828 = CIRCLE ( 'NONE', #2301, 0.03999999999999998695 ) ;
#1829 = VERTEX_POINT ( 'NONE', #2038 ) ;
#1830 = CARTESIAN_POINT ( 'NONE',  ( -0.3613629669484372253, 0.01035276180410072376, 0.2999999999999999889 ) ) ;
#1831 = EDGE_CURVE ( 'NONE', #1419, #1182, #1606, .T. ) ;
#1832 = ORIENTED_EDGE ( 'NONE', *, *, #3139, .T. ) ;
#1833 = CIRCLE ( 'NONE', #3236, 0.03999999999999998695 ) ;
#1834 = ORIENTED_EDGE ( 'NONE', *, *, #1100, .F. ) ;
#1835 = LINE ( 'NONE', #2398, #2509 ) ;
#1836 = EDGE_CURVE ( 'NONE', #452, #2298, #2374, .T. ) ;
#1837 = CARTESIAN_POINT ( 'NONE',  ( -0.9953108814545228444, 2.376278588093170274, -0.03418907816250382065 ) ) ;
#1838 = VECTOR ( 'NONE', #2443, 39.37007874015748143 ) ;
#1839 = ORIENTED_EDGE ( 'NONE', *, *, #1352, .F. ) ;
#1840 = DIRECTION ( 'NONE',  ( 0.9659258262890690894, 0.2588190451025180749, -0.000000000000000000 ) ) ;
#1841 = VECTOR ( 'NONE', #2467, 39.37007874015748143 ) ;
#1842 = CYLINDRICAL_SURFACE ( 'NONE', #3183, 0.03999999999999993838 ) ;
#1843 = ORIENTED_EDGE ( 'NONE', *, *, #829, .F. ) ;
#1844 = CARTESIAN_POINT ( 'NONE',  ( 1.023595152701985089, 2.327288793237506592, -0.05999999999999984512 ) ) ;
#1845 = EDGE_CURVE ( 'NONE', #3618, #1450, #24, .T. ) ;
#1846 = EDGE_LOOP ( 'NONE', ( #3185, #2927, #435, #3585 ) ) ;
#1847 = CARTESIAN_POINT ( 'NONE',  ( -0.5163098243010494359, 0.4340741737109304887, -0.05999999999999931777 ) ) ;
#1848 = CARTESIAN_POINT ( 'NONE',  ( 0.4776727912494866390, 0.4444269355150312628, -0.05999999999999932471 ) ) ;
#1849 = AXIS2_PLACEMENT_3D ( 'NONE', #3326, #27, #1146 ) ;
#1850 = ORIENTED_EDGE ( 'NONE', *, *, #2468, .T. ) ;
#1851 = CARTESIAN_POINT ( 'NONE',  ( 0.4702774552980946710, 0.4168271660053954886, 0.004144098666867045665 ) ) ;
#1852 = VERTEX_POINT ( 'NONE', #3247 ) ;
#1853 = LINE ( 'NONE', #941, #750 ) ;
#1854 = CARTESIAN_POINT ( 'NONE',  ( 0.4702774552980946710, 0.4168271660053954886, 0.1958559013331335752 ) ) ;
#1855 = AXIS2_PLACEMENT_3D ( 'NONE', #1787, #2327, #2348 ) ;
#1856 = ADVANCED_FACE ( 'NONE', ( #180 ), #1795, .F. ) ;
#1857 = ORIENTED_EDGE ( 'NONE', *, *, #1629, .T. ) ;
#1858 = CARTESIAN_POINT ( 'NONE',  ( 0.4776727912494866390, 0.4444269355150312628, 0.2999999999999999889 ) ) ;
#1859 = VECTOR ( 'NONE', #2381, 39.37007874015748854 ) ;
#1860 = EDGE_CURVE ( 'NONE', #2225, #2762, #2973, .T. ) ;
#1861 = ORIENTED_EDGE ( 'NONE', *, *, #555, .T. ) ;
#1862 = LINE ( 'NONE', #1334, #2328 ) ;
#1863 = EDGE_CURVE ( 'NONE', #3374, #1912, #3446, .T. ) ;
#1864 = VECTOR ( 'NONE', #2789, 39.37007874015748854 ) ;
#1865 = ORIENTED_EDGE ( 'NONE', *, *, #282, .T. ) ;
#1866 = DIRECTION ( 'NONE',  ( -0.000000000000000000, -0.000000000000000000, 1.000000000000000000 ) ) ;
#1867 = ADVANCED_FACE ( 'NONE', ( #3520 ), #2907, .F. ) ;
#1868 = DIRECTION ( 'NONE',  ( 0.000000000000000000, 0.000000000000000000, 1.000000000000000000 ) ) ;
#1869 = ORIENTED_EDGE ( 'NONE', *, *, #395, .F. ) ;
#1870 = CARTESIAN_POINT ( 'NONE',  ( -0.5163098243010494359, 0.4340741737109306553, 0.2599999999999999534 ) ) ;
#1871 = CARTESIAN_POINT ( 'NONE',  ( -1.033947914506085919, 2.365925826289069445, 0.2000239575862018115 ) ) ;
#1872 = CYLINDRICAL_SURFACE ( 'NONE', #3597, 0.1000239575862020974 ) ;
#1873 = ORIENTED_EDGE ( 'NONE', *, *, #2511, .T. ) ;
#1874 = PLANE ( 'NONE',  #1667 ) ;
#1875 =( LENGTH_UNIT ( ) NAMED_UNIT ( * ) SI_UNIT ( $, .METRE. ) );
#1876 = VECTOR ( 'NONE', #1511, 39.37007874015748854 ) ;
#1877 = ORIENTED_EDGE ( 'NONE', *, *, #2783, .F. ) ;
#1878 = DIRECTION ( 'NONE',  ( -0.000000000000000000, -0.000000000000000000, 1.000000000000000000 ) ) ;
#1879 = DIRECTION ( 'NONE',  ( 0.9659258262890688673, 0.2588190451025188521, 0.000000000000000000 ) ) ;
#1880 = VERTEX_POINT ( 'NONE', #1574 ) ;
#1881 = CARTESIAN_POINT ( 'NONE',  ( -0.2158415228850488476, 8.537024980200822558E-18, -0.2999999999999999889 ) ) ;
#1882 = CARTESIAN_POINT ( 'NONE',  ( 0.2158415228850488754, 0.2399999999999999634, 0.2999999999999999889 ) ) ;
#1883 = AXIS2_PLACEMENT_3D ( 'NONE', #744, #1583, #2435 ) ;
#1884 = ORIENTED_EDGE ( 'NONE', *, *, #1054, .F. ) ;
#1885 = DIRECTION ( 'NONE',  ( 0.000000000000000000, -0.000000000000000000, 1.000000000000000000 ) ) ;
#1886 = DIRECTION ( 'NONE',  ( -0.9659258262890690894, 0.2588190451025180749, 0.000000000000000000 ) ) ;
#1887 = DIRECTION ( 'NONE',  ( 0.2588190451025181860, -0.9659258262890689783, 0.000000000000000000 ) ) ;
#1888 = ORIENTED_EDGE ( 'NONE', *, *, #1796, .F. ) ;
#1889 = ORIENTED_EDGE ( 'NONE', *, *, #1148, .F. ) ;
#1890 = LINE ( 'NONE', #2156, #90 ) ;
#1891 = VECTOR ( 'NONE', #2148, 39.37007874015748854 ) ;
#1892 = CARTESIAN_POINT ( 'NONE',  ( -0.9447506678285709780, 2.419407500308957015, 0.004144098666866499227 ) ) ;
#1893 = EDGE_CURVE ( 'NONE', #3374, #1441, #2705, .T. ) ;
#1894 = CYLINDRICAL_SURFACE ( 'NONE', #1097, 0.03999999999999993838 ) ;
#1895 = ORIENTED_EDGE ( 'NONE', *, *, #2284, .T. ) ;
#1896 = CARTESIAN_POINT ( 'NONE',  ( 0.4776727912494866390, 0.4444269355150312628, 0.2999999999999999889 ) ) ;
#1897 = AXIS2_PLACEMENT_3D ( 'NONE', #2945, #2931, #461 ) ;
#1898 = VECTOR ( 'NONE', #328, 39.37007874015748854 ) ;
#1899 = AXIS2_PLACEMENT_3D ( 'NONE', #3299, #200, #1323 ) ;
#1900 = CYLINDRICAL_SURFACE ( 'NONE', #3231, 0.1000239575862020974 ) ;
#1901 = VERTEX_POINT ( 'NONE', #1555 ) ;
#1902 = CARTESIAN_POINT ( 'NONE',  ( 0.4090266881428627488, 0.1882361909794963151, -0.2999999999999999889 ) ) ;
#1903 = EDGE_CURVE ( 'NONE', #1197, #2207, #1502, .T. ) ;
#1904 = DIRECTION ( 'NONE',  ( -0.9659258262890690894, -0.2588190451025180749, 0.000000000000000000 ) ) ;
#1905 = VECTOR ( 'NONE', #3562, 39.37007874015748143 ) ;
#1906 = DIRECTION ( 'NONE',  ( -0.2588190451025188521, -0.9659258262890688673, 0.000000000000000000 ) ) ;
#1907 = VECTOR ( 'NONE', #695, 39.37007874015748143 ) ;
#1908 = DIRECTION ( 'NONE',  ( -0.9659258262890690894, -0.2588190451025180749, 0.000000000000000000 ) ) ;
#1909 = EDGE_CURVE ( 'NONE', #2539, #61, #3059, .T. ) ;
#1910 = PLANE ( 'NONE',  #1134 ) ;
#1911 = CIRCLE ( 'NONE', #209, 0.03999999999999998695 ) ;
#1912 = VERTEX_POINT ( 'NONE', #402 ) ;
#1913 = DIRECTION ( 'NONE',  ( -0.2588190451025180194, 0.9659258262890689783, 0.000000000000000000 ) ) ;
#1914 = AXIS2_PLACEMENT_3D ( 'NONE', #104, #3132, #1461 ) ;
#1915 = CARTESIAN_POINT ( 'NONE',  ( -0.5163098243010494359, 0.4340741737109304887, -0.05999999999999931777 ) ) ;
#1916 = VECTOR ( 'NONE', #2162, 39.37007874015748854 ) ;
#1917 =( NAMED_UNIT ( * ) SI_UNIT ( $, .STERADIAN. ) SOLID_ANGLE_UNIT ( ) );
#1918 = ORIENTED_EDGE ( 'NONE', *, *, #1342, .T. ) ;
#1919 = CARTESIAN_POINT ( 'NONE',  ( -0.4197172416721425825, 0.4599560782211822851, 0.2000239575862024222 ) ) ;
#1920 = CARTESIAN_POINT ( 'NONE',  ( 1.059856896735068776, 2.617167596546287278, -0.2999999999999999889 ) ) ;
#1921 = EDGE_CURVE ( 'NONE', #924, #1361, #1009, .T. ) ;
#1922 = ORIENTED_EDGE ( 'NONE', *, *, #3136, .T. ) ;
#1923 = DIRECTION ( 'NONE',  ( 0.9659258262890690894, -0.2588190451025181860, -0.000000000000000000 ) ) ;
#1924 = ADVANCED_FACE ( 'NONE', ( #956 ), #2926, .T. ) ;
#1925 = AXIS2_PLACEMENT_3D ( 'NONE', #860, #895, #3632 ) ;
#1926 = CARTESIAN_POINT ( 'NONE',  ( -0.4673200294453858650, 0.4057899024634684659, -0.03418907816250330717 ) ) ;
#1927 = DIRECTION ( 'NONE',  ( 0.9659258262890689783, -0.2588190451025181305, -0.000000000000000000 ) ) ;
#1928 = CARTESIAN_POINT ( 'NONE',  ( -0.9953108814545228444, 2.376278588093170274, -0.05999999999999987288 ) ) ;
#1929 = CARTESIAN_POINT ( 'NONE',  ( 0.5059570624969487174, 0.3954371406593679139, 0.2999999999999999889 ) ) ;
#1930 = ORIENTED_EDGE ( 'NONE', *, *, #951, .F. ) ;
#1931 = FACE_OUTER_BOUND ( 'NONE', #1846, .T. ) ;
#1932 = LINE ( 'NONE', #2525, #3242 ) ;
#1933 = DIRECTION ( 'NONE',  ( 0.000000000000000000, 0.000000000000000000, 1.000000000000000000 ) ) ;
#1934 = ORIENTED_EDGE ( 'NONE', *, *, #1413, .T. ) ;
#1935 = CARTESIAN_POINT ( 'NONE',  ( -1.044300676310186526, 2.404562859340632297, 0.2599999999999999534 ) ) ;
#1936 = LINE ( 'NONE', #837, #2815 ) ;
#1937 = AXIS2_PLACEMENT_3D ( 'NONE', #1136, #3098, #3633 ) ;
#1938 = ORIENTED_EDGE ( 'NONE', *, *, #2707, .F. ) ;
#1939 = AXIS2_PLACEMENT_3D ( 'NONE', #1518, #210, #642 ) ;
#1940 = LINE ( 'NONE', #3345, #1797 ) ;
#1941 = CARTESIAN_POINT ( 'NONE',  ( -0.4776727912494866390, 0.4444269355150313183, 0.1000000000000003109 ) ) ;
#1942 = EDGE_CURVE ( 'NONE', #1569, #1774, #683, .T. ) ;
#1943 = CARTESIAN_POINT ( 'NONE',  ( -0.4776727912494866390, 0.4444269355150312628, -0.05999999999999932471 ) ) ;
#1944 = DIRECTION ( 'NONE',  ( 0.2588190451025176864, -0.9659258262890692004, 0.000000000000000000 ) ) ;
#1945 = AXIS2_PLACEMENT_3D ( 'NONE', #1814, #2625, #1232 ) ;
#1946 = CARTESIAN_POINT ( 'NONE',  ( 0.9373553318771791210, 2.391807730799321519, 0.2000239575862018115 ) ) ;
#1947 = EDGE_CURVE ( 'NONE', #1128, #880, #2422, .T. ) ;
#1948 = ORIENTED_EDGE ( 'NONE', *, *, #648, .T. ) ;
#1949 = FACE_OUTER_BOUND ( 'NONE', #704, .T. ) ;
#1950 = ADVANCED_FACE ( 'NONE', ( #3483 ), #975, .T. ) ;
#1951 = CARTESIAN_POINT ( 'NONE',  ( 0.9953108814545228444, 2.376278588093170274, -0.05999999999999987288 ) ) ;
#1952 = LENGTH_MEASURE_WITH_UNIT ( LENGTH_MEASURE( 0.02539999999999999897 ), #2229 );
#1953 = VERTEX_POINT ( 'NONE', #2940 ) ;
#1954 = CARTESIAN_POINT ( 'NONE',  ( 1.098493929786631851, 2.606814834742187781, 0.2999999999999999889 ) ) ;
#1955 = VECTOR ( 'NONE', #2083, 39.37007874015748854 ) ;
#1956 = CARTESIAN_POINT ( 'NONE',  ( 0.5059570624969486063, 0.3954371406593677474, 0.2599999999999999534 ) ) ;
#1957 = ORIENTED_EDGE ( 'NONE', *, *, #286, .F. ) ;
#1958 = ORIENTED_EDGE ( 'NONE', *, *, #568, .T. ) ;
#1959 = DIRECTION ( 'NONE',  ( -0.2588190451025180194, 0.9659258262890689783, -0.000000000000000000 ) ) ;
#1960 = ADVANCED_FACE ( 'NONE', ( #420 ), #1537, .T. ) ;
#1961 = CARTESIAN_POINT ( 'NONE',  ( 0.000000000000000000, 0.04000000000000000083, -0.2999999999999999889 ) ) ;
#1962 = DIRECTION ( 'NONE',  ( -0.9659258262890690894, 0.2588190451025180749, 0.000000000000000000 ) ) ;
#1963 = DIRECTION ( 'NONE',  ( 0.2588190451025180194, 0.9659258262890689783, 0.000000000000000000 ) ) ;
#1964 = LINE ( 'NONE', #2589, #3358 ) ;
#1965 = EDGE_CURVE ( 'NONE', #2275, #3465, #3527, .T. ) ;
#1966 = VERTEX_POINT ( 'NONE', #1065 ) ;
#1967 = ORIENTED_EDGE ( 'NONE', *, *, #3173, .F. ) ;
#1968 = VECTOR ( 'NONE', #1223, 39.37007874015748854 ) ;
#1969 = CARTESIAN_POINT ( 'NONE',  ( -0.9373553318771791210, 2.391807730799321519, -0.09999999999999985290 ) ) ;
#1970 = ADVANCED_FACE ( 'NONE', ( #1028 ), #2994, .F. ) ;
#1971 = CARTESIAN_POINT ( 'NONE',  ( 0.4090266881428627488, 0.1882361909794963151, 0.2999999999999999889 ) ) ;
#1972 = CARTESIAN_POINT ( 'NONE',  ( 0.9953108814545231775, 2.376278588093170274, 0.2599999999999999534 ) ) ;
#1973 = ORIENTED_EDGE ( 'NONE', *, *, #2293, .F. ) ;
#1974 = CARTESIAN_POINT ( 'NONE',  ( -0.4702774552980946710, 0.4168271660053954886, 0.1958559013331335752 ) ) ;
#1975 = CARTESIAN_POINT ( 'NONE',  ( 0.4880255530535874131, 0.4830639685665942817, -0.05999999999999931777 ) ) ;
#1976 = EDGE_CURVE ( 'NONE', #2169, #8, #2151, .T. ) ;
#1977 = VECTOR ( 'NONE', #2987, 39.37007874015748143 ) ;
#1978 = ORIENTED_EDGE ( 'NONE', *, *, #3399, .F. ) ;
#1979 = ORIENTED_EDGE ( 'NONE', *, *, #3226, .F. ) ;
#1980 = CARTESIAN_POINT ( 'NONE',  ( -0.5059570624969486063, 0.3954371406593677474, 0.2341890781625039497 ) ) ;
#1981 = EDGE_CURVE ( 'NONE', #1274, #952, #2752, .T. ) ;
#1982 = CARTESIAN_POINT ( 'NONE',  ( 0.3613629669484372253, 0.01035276180410061794, -0.09999999999999917288 ) ) ;
#1983 = EDGE_CURVE ( 'NONE', #3291, #1058, #2124, .T. ) ;
#1984 = DIRECTION ( 'NONE',  ( -0.9659258262890687563, 0.2588190451025187966, 0.000000000000000000 ) ) ;
#1985 = DIRECTION ( 'NONE',  ( -0.2588190451025196848, -0.9659258262890686453, 8.537024980200835623E-16 ) ) ;
#1986 = ORIENTED_EDGE ( 'NONE', *, *, #766, .T. ) ;
#1987 = ORIENTED_EDGE ( 'NONE', *, *, #3574, .F. ) ;
#1988 = DIRECTION ( 'NONE',  ( -0.2588190451025176864, -0.9659258262890692004, 0.000000000000000000 ) ) ;
#1989 = CARTESIAN_POINT ( 'NONE',  ( -0.4673200294453859760, 0.4057899024634685214, 0.2599999999999999534 ) ) ;
#1990 = ORIENTED_EDGE ( 'NONE', *, *, #3087, .F. ) ;
#1991 = ORIENTED_EDGE ( 'NONE', *, *, #3504, .F. ) ;
#1992 = PLANE ( 'NONE',  #447 ) ;
#1993 = DIRECTION ( 'NONE',  ( 0.9659258262890687563, -0.2588190451025187966, -0.000000000000000000 ) ) ;
#1994 = VERTEX_POINT ( 'NONE', #1577 ) ;
#1995 = EDGE_CURVE ( 'NONE', #422, #452, #3046, .T. ) ;
#1996 = ORIENTED_EDGE ( 'NONE', *, *, #2180, .T. ) ;
#1997 = DIRECTION ( 'NONE',  ( -0.9659258262890690894, 0.2588190451025180749, 0.000000000000000000 ) ) ;
#1998 = AXIS2_PLACEMENT_3D ( 'NONE', #2232, #1112, #1093 ) ;
#1999 = DIRECTION ( 'NONE',  ( 0.9659258262890689783, -0.2588190451025181305, -0.000000000000000000 ) ) ;
#2000 = DIRECTION ( 'NONE',  ( -0.9659258262890690894, -0.2588190451025180749, 0.000000000000000000 ) ) ;
#2001 = CARTESIAN_POINT ( 'NONE',  ( 0.3613629669484372253, 0.01035276180410072376, -0.2999999999999999889 ) ) ;
#2002 = ORIENTED_EDGE ( 'NONE', *, *, #533, .T. ) ;
#2003 = EDGE_LOOP ( 'NONE', ( #1177, #3018, #1418, #1492 ) ) ;
#2004 = CARTESIAN_POINT ( 'NONE',  ( -0.9953108814545228444, 2.376278588093170274, -0.03418907816250382065 ) ) ;
#2005 = EDGE_CURVE ( 'NONE', #765, #665, #2184, .T. ) ;
#2006 = DIRECTION ( 'NONE',  ( 0.2588190451025180194, 0.9659258262890689783, 0.000000000000000000 ) ) ;
#2007 = VERTEX_POINT ( 'NONE', #2203 ) ;
#2008 = FACE_OUTER_BOUND ( 'NONE', #2914, .T. ) ;
#2009 = DIRECTION ( 'NONE',  ( 0.9659258262890689783, 0.2588190451025180194, -0.000000000000000000 ) ) ;
#2010 = ORIENTED_EDGE ( 'NONE', *, *, #1782, .T. ) ;
#2011 = AXIS2_PLACEMENT_3D ( 'NONE', #242, #797, #2471 ) ;
#2012 = ORIENTED_EDGE ( 'NONE', *, *, #2368, .T. ) ;
#2013 = FACE_OUTER_BOUND ( 'NONE', #839, .T. ) ;
#2014 = ORIENTED_EDGE ( 'NONE', *, *, #107, .F. ) ;
#2015 = LINE ( 'NONE', #1387, #2043 ) ;
#2016 = VECTOR ( 'NONE', #2521, 39.37007874015748854 ) ;
#2017 = DIRECTION ( 'NONE',  ( -0.9659258262890690894, -0.2588190451025180749, 0.000000000000000000 ) ) ;
#2018 = CIRCLE ( 'NONE', #3303, 0.03999999999999998695 ) ;
#2019 = DIRECTION ( 'NONE',  ( 0.9659258262890688673, -0.2588190451025188521, 0.000000000000000000 ) ) ;
#2020 = ORIENTED_EDGE ( 'NONE', *, *, #1024, .F. ) ;
#2021 = ORIENTED_EDGE ( 'NONE', *, *, #2611, .T. ) ;
#2022 = EDGE_CURVE ( 'NONE', #2251, #482, #2890, .T. ) ;
#2023 = CARTESIAN_POINT ( 'NONE',  ( 0.2158415228850488754, 0.2399999999999999634, 0.2999999999999999889 ) ) ;
#2024 = CARTESIAN_POINT ( 'NONE',  ( 0.4197172416721425825, 0.4599560782211822851, 0.2000239575862024222 ) ) ;
#2025 = ORIENTED_EDGE ( 'NONE', *, *, #1263, .T. ) ;
#2026 = CARTESIAN_POINT ( 'NONE',  ( 1.041343250457477998, 2.393525595798705385, 0.1958559013331327703 ) ) ;
#2027 = CARTESIAN_POINT ( 'NONE',  ( -0.3613629669484372253, 0.01035276180410072376, 0.2999999999999999889 ) ) ;
#2028 = CIRCLE ( 'NONE', #1208, 0.03999999999999998695 ) ;
#2029 = DIRECTION ( 'NONE',  ( 0.000000000000000000, 0.000000000000000000, -1.000000000000000000 ) ) ;
#2030 = EDGE_LOOP ( 'NONE', ( #2690, #2012, #1551, #132 ) ) ;
#2031 = CARTESIAN_POINT ( 'NONE',  ( -0.4702774552980946710, 0.4168271660053954886, 0.004144098666867045665 ) ) ;
#2032 = VECTOR ( 'NONE', #2252, 39.37007874015748854 ) ;
#2033 = EDGE_LOOP ( 'NONE', ( #724, #462, #3221, #145 ) ) ;
#2034 = VECTOR ( 'NONE', #1959, 39.37007874015748854 ) ;
#2035 = LINE ( 'NONE', #3502, #2864 ) ;
#2036 =( GEOMETRIC_REPRESENTATION_CONTEXT ( 3 ) GLOBAL_UNCERTAINTY_ASSIGNED_CONTEXT ( ( #3532 ) ) GLOBAL_UNIT_ASSIGNED_CONTEXT ( ( #2744, #1360, #1917 ) ) REPRESENTATION_CONTEXT ( 'NONE', 'WORKASPACE' ) );
#2037 = CARTESIAN_POINT ( 'NONE',  ( 1.033947914506085919, 2.365925826289069445, -0.03418907816250381371 ) ) ;
#2038 = CARTESIAN_POINT ( 'NONE',  ( -0.4776727912494866390, 0.4444269355150312628, 0.2599999999999999534 ) ) ;
#2039 = EDGE_LOOP ( 'NONE', ( #693, #2591, #1869, #1821 ) ) ;
#2040 = EDGE_LOOP ( 'NONE', ( #618, #1110, #2532, #56 ) ) ;
#2041 = CYLINDRICAL_SURFACE ( 'NONE', #2857, 0.2400000000000000466 ) ;
#2042 = DIRECTION ( 'NONE',  ( 0.2588190451025196848, -0.9659258262890686453, -3.628235616585355584E-15 ) ) ;
#2043 = VECTOR ( 'NONE', #1999, 39.37007874015748854 ) ;
#2044 = VERTEX_POINT ( 'NONE', #1870 ) ;
#2045 = CARTESIAN_POINT ( 'NONE',  ( 1.005663643258623674, 2.414915621144733127, -0.03418907816250382065 ) ) ;
#2046 = DIRECTION ( 'NONE',  ( -0.2588190451025180194, 0.9659258262890689783, 0.000000000000000000 ) ) ;
#2047 = ORIENTED_EDGE ( 'NONE', *, *, #1370, .T. ) ;
#2048 = ORIENTED_EDGE ( 'NONE', *, *, #3631, .T. ) ;
#2049 = PLANE ( 'NONE',  #2097 ) ;
#2050 = ORIENTED_EDGE ( 'NONE', *, *, #369, .F. ) ;
#2051 = CARTESIAN_POINT ( 'NONE',  ( -0.9373553318771791210, 2.391807730799321519, 0.2341890781625032281 ) ) ;
#2052 = DIRECTION ( 'NONE',  ( 0.2588190451025176864, -0.9659258262890692004, 0.000000000000000000 ) ) ;
#2053 = AXIS2_PLACEMENT_3D ( 'NONE', #1364, #3624, #3606 ) ;
#2054 = ADVANCED_FACE ( 'NONE', ( #2734 ), #1595, .F. ) ;
#2055 = EDGE_LOOP ( 'NONE', ( #932, #1798, #944, #2375 ) ) ;
#2056 = ORIENTED_EDGE ( 'NONE', *, *, #1694, .F. ) ;
#2057 = CYLINDRICAL_SURFACE ( 'NONE', #272, 0.03999999999999993838 ) ;
#2058 = DIRECTION ( 'NONE',  ( -0.9659258262890689783, 0.2588190451025180194, 0.000000000000000000 ) ) ;
#2059 = ADVANCED_FACE ( 'NONE', ( #3283 ), #1631, .F. ) ;
#2060 = CARTESIAN_POINT ( 'NONE',  ( -0.4776727912494866390, 0.4444269355150312628, -0.05999999999999932471 ) ) ;
#2061 = EDGE_CURVE ( 'NONE', #2070, #343, #715, .T. ) ;
#2062 = ORIENTED_EDGE ( 'NONE', *, *, #395, .T. ) ;
#2063 = LINE ( 'NONE', #353, #1968 ) ;
#2064 = CARTESIAN_POINT ( 'NONE',  ( 1.150257738807135111, 2.799999999999999822, 0.09999999999999996392 ) ) ;
#2065 = AXIS2_PLACEMENT_3D ( 'NONE', #2958, #2099, #437 ) ;
#2066 = CIRCLE ( 'NONE', #3005, 0.03999999999999998695 ) ;
#2067 = ORIENTED_EDGE ( 'NONE', *, *, #263, .T. ) ;
#2068 = ORIENTED_EDGE ( 'NONE', *, *, #648, .F. ) ;
#2069 = DIRECTION ( 'NONE',  ( -0.9659258262890690894, -0.2588190451025180749, 0.000000000000000000 ) ) ;
#2070 = VERTEX_POINT ( 'NONE', #3593 ) ;
#2071 = EDGE_CURVE ( 'NONE', #2653, #297, #2763, .T. ) ;
#2072 = CARTESIAN_POINT ( 'NONE',  ( 0.3613629669484372253, 0.01035276180410072376, 0.2999999999999999889 ) ) ;
#2073 = VECTOR ( 'NONE', #460, 39.37007874015748143 ) ;
#2074 = FACE_OUTER_BOUND ( 'NONE', #3375, .T. ) ;
#2075 = DIRECTION ( 'NONE',  ( 0.9659258262890690894, -0.2588190451025180749, -0.000000000000000000 ) ) ;
#2076 = EDGE_LOOP ( 'NONE', ( #541, #2161, #2628, #1294 ) ) ;
#2077 = AXIS2_PLACEMENT_3D ( 'NONE', #2116, #135, #2631 ) ;
#2078 = ORIENTED_EDGE ( 'NONE', *, *, #1965, .F. ) ;
#2079 = AXIS2_PLACEMENT_3D ( 'NONE', #1175, #879, #1985 ) ;
#2080 = CARTESIAN_POINT ( 'NONE',  ( -0.2158415228850489032, 0.04000000000000000083, 0.2999999999999999889 ) ) ;
#2081 = CIRCLE ( 'NONE', #968, 0.1999999999999999001 ) ;
#2082 = LINE ( 'NONE', #1287, #3617 ) ;
#2083 = DIRECTION ( 'NONE',  ( -0.9659258262890689783, -0.2588190451025181305, 0.000000000000000000 ) ) ;
#2084 = EDGE_CURVE ( 'NONE', #1569, #1256, #3010, .T. ) ;
#2085 = ORIENTED_EDGE ( 'NONE', *, *, #2979, .T. ) ;
#2086 = ADVANCED_FACE ( 'NONE', ( #199 ), #3316, .F. ) ;
#2087 = DIRECTION ( 'NONE',  ( -0.2588190451025176864, -0.9659258262890692004, 0.000000000000000000 ) ) ;
#2088 = DIRECTION ( 'NONE',  ( -0.000000000000000000, -0.000000000000000000, 1.000000000000000000 ) ) ;
#2089 = VECTOR ( 'NONE', #1030, 39.37007874015748143 ) ;
#2090 = ORIENTED_EDGE ( 'NONE', *, *, #2551, .F. ) ;
#2091 = CARTESIAN_POINT ( 'NONE',  ( 0.4776727912494866390, 0.4444269355150312628, -0.05999999999999932471 ) ) ;
#2092 = ADVANCED_FACE ( 'NONE', ( #2975 ), #3250, .T. ) ;
#2093 = AXIS2_PLACEMENT_3D ( 'NONE', #1277, #1840, #1581 ) ;
#2094 = VERTEX_POINT ( 'NONE', #219 ) ;
#2095 = VECTOR ( 'NONE', #1087, 39.37007874015748143 ) ;
#2096 = CARTESIAN_POINT ( 'NONE',  ( -0.9953108814545231775, 2.376278588093170274, 0.2999999999999999889 ) ) ;
#2097 = AXIS2_PLACEMENT_3D ( 'NONE', #678, #619, #1734 ) ;
#2098 = DIRECTION ( 'NONE',  ( 0.000000000000000000, 0.000000000000000000, -1.000000000000000000 ) ) ;
#2099 = DIRECTION ( 'NONE',  ( 0.000000000000000000, -0.000000000000000000, 1.000000000000000000 ) ) ;
#2100 = VERTEX_POINT ( 'NONE', #1851 ) ;
#2101 = EDGE_LOOP ( 'NONE', ( #2281, #579, #838, #576 ) ) ;
#2102 = DIRECTION ( 'NONE',  ( 0.9659258262890690894, 0.2588190451025180749, -0.000000000000000000 ) ) ;
#2103 = CARTESIAN_POINT ( 'NONE',  ( -0.3999999999999999667, 0.000000000000000000, 0.2999999999999999889 ) ) ;
#2104 = VERTEX_POINT ( 'NONE', #1339 ) ;
#2105 = FACE_OUTER_BOUND ( 'NONE', #2561, .T. ) ;
#2106 = VERTEX_POINT ( 'NONE', #2465 ) ;
#2107 = DIRECTION ( 'NONE',  ( 0.9659258262890690894, -0.2588190451025180749, -0.000000000000000000 ) ) ;
#2108 = EDGE_CURVE ( 'NONE', #939, #5, #3111, .T. ) ;
#2109 = ORIENTED_EDGE ( 'NONE', *, *, #3356, .T. ) ;
#2110 = DIRECTION ( 'NONE',  ( -1.000000000000000000, 0.000000000000000000, -0.000000000000000000 ) ) ;
#2111 = DIRECTION ( 'NONE',  ( -1.000000000000000000, 0.000000000000000000, 0.000000000000000000 ) ) ;
#2112 = ORIENTED_EDGE ( 'NONE', *, *, #2941, .T. ) ;
#2113 = EDGE_LOOP ( 'NONE', ( #2433, #2657, #771, #2962 ) ) ;
#2114 = VECTOR ( 'NONE', #764, 39.37007874015748143 ) ;
#2115 = CARTESIAN_POINT ( 'NONE',  ( -0.4702774552980946710, 0.4168271660053954886, 0.1958559013331335752 ) ) ;
#2116 = CARTESIAN_POINT ( 'NONE',  ( 1.033947914506085919, 2.365925826289069001, 0.09999999999999970024 ) ) ;
#2117 = CIRCLE ( 'NONE', #530, 0.03999999999999998695 ) ;
#2118 = ADVANCED_FACE ( 'NONE', ( #549 ), #1682, .T. ) ;
#2119 = VERTEX_POINT ( 'NONE', #3612 ) ;
#2120 = DIRECTION ( 'NONE',  ( 0.000000000000000000, 0.000000000000000000, 1.000000000000000000 ) ) ;
#2121 = DIRECTION ( 'NONE',  ( 0.2588190451025176864, -0.9659258262890692004, 0.000000000000000000 ) ) ;
#2122 = EDGE_LOOP ( 'NONE', ( #1037, #977, #223, #230 ) ) ;
#2123 = CARTESIAN_POINT ( 'NONE',  ( 1.044300676310186526, 2.404562859340632297, 0.2599999999999999534 ) ) ;
#2124 = CIRCLE ( 'NONE', #360, 0.1000239575862020835 ) ;
#2125 = AXIS2_PLACEMENT_3D ( 'NONE', #3103, #2849, #334 ) ;
#2126 = ORIENTED_EDGE ( 'NONE', *, *, #1212, .F. ) ;
#2127 = CARTESIAN_POINT ( 'NONE',  ( 0.9953108814545231775, 2.376278588093170274, 0.2341890781625032281 ) ) ;
#2128 = DIRECTION ( 'NONE',  ( -0.000000000000000000, -0.000000000000000000, -1.000000000000000000 ) ) ;
#2129 = ORIENTED_EDGE ( 'NONE', *, *, #3028, .T. ) ;
#2130 = CARTESIAN_POINT ( 'NONE',  ( 1.111620705755572258, 2.810352761804100208, 0.1000000000000000194 ) ) ;
#2131 = CIRCLE ( 'NONE', #139, 0.03999999999999993838 ) ;
#2132 = ORIENTED_EDGE ( 'NONE', *, *, #2551, .T. ) ;
#2133 = EDGE_CURVE ( 'NONE', #1336, #1522, #2176, .T. ) ;
#2134 = DIRECTION ( 'NONE',  ( -0.9659258262890689783, 0.2588190451025181860, -0.000000000000000000 ) ) ;
#2135 = PLANE ( 'NONE',  #2961 ) ;
#2136 = AXIS2_PLACEMENT_3D ( 'NONE', #134, #3234, #1801 ) ;
#2137 = EDGE_CURVE ( 'NONE', #1383, #781, #239, .T. ) ;
#2138 = ORIENTED_EDGE ( 'NONE', *, *, #2480, .T. ) ;
#2139 = DIRECTION ( 'NONE',  ( -0.9659258262890690894, -0.2588190451025180749, 0.000000000000000000 ) ) ;
#2140 = PRESENTATION_STYLE_ASSIGNMENT (( #1018 ) ) ;
#2141 = EDGE_CURVE ( 'NONE', #1852, #1588, #624, .T. ) ;
#2142 = PRODUCT_DEFINITION_CONTEXT ( 'detailed design', #2684, 'design' ) ;
#2143 = EDGE_LOOP ( 'NONE', ( #580, #3179, #2846, #3145 ) ) ;
#2144 = DIRECTION ( 'NONE',  ( -0.2588190451025175198, -0.9659258262890690894, 0.000000000000000000 ) ) ;
#2145 = VERTEX_POINT ( 'NONE', #2259 ) ;
#2146 = VECTOR ( 'NONE', #100, 39.37007874015748143 ) ;
#2147 = CARTESIAN_POINT ( 'NONE',  ( 0.5059570624969486063, 0.3954371406593677474, 0.2341890781625039497 ) ) ;
#2148 = DIRECTION ( 'NONE',  ( 0.9659258262890689783, 0.2588190451025181305, -1.232595164407830672E-32 ) ) ;
#2149 = CIRCLE ( 'NONE', #979, 0.03999999999999993838 ) ;
#2150 = VERTEX_POINT ( 'NONE', #2294 ) ;
#2151 = LINE ( 'NONE', #3542, #3180 ) ;
#2152 = FACE_OUTER_BOUND ( 'NONE', #485, .T. ) ;
#2153 = DIRECTION ( 'NONE',  ( -0.2588190451025181860, -0.9659258262890689783, 0.000000000000000000 ) ) ;
#2154 = VECTOR ( 'NONE', #503, 39.37007874015748854 ) ;
#2155 = ORIENTED_EDGE ( 'NONE', *, *, #2137, .F. ) ;
#2156 = CARTESIAN_POINT ( 'NONE',  ( 1.111620705755572258, 2.810352761804100208, 0.2999999999999999889 ) ) ;
#2157 = CARTESIAN_POINT ( 'NONE',  ( -0.2158415228850489032, 0.04000000000000000083, 0.2999999999999999889 ) ) ;
#2158 = ORIENTED_EDGE ( 'NONE', *, *, #3265, .F. ) ;
#2159 = LINE ( 'NONE', #3552, #1793 ) ;
#2160 = DIRECTION ( 'NONE',  ( 0.9659258262890689783, 0.2588190451025180194, -0.000000000000000000 ) ) ;
#2161 = ORIENTED_EDGE ( 'NONE', *, *, #708, .T. ) ;
#2162 = DIRECTION ( 'NONE',  ( 0.9659258262890689783, 0.2588190451025180194, -0.000000000000000000 ) ) ;
#2163 = CYLINDRICAL_SURFACE ( 'NONE', #141, 0.2000000000000000111 ) ;
#2164 = VERTEX_POINT ( 'NONE', #1943 ) ;
#2165 = CARTESIAN_POINT ( 'NONE',  ( -0.3613629669484372253, 0.01035276180410072376, 0.2999999999999999889 ) ) ;
#2166 = LINE ( 'NONE', #1871, #2089 ) ;
#2167 = DIRECTION ( 'NONE',  ( 0.2588190451025181860, -0.9659258262890689783, 0.000000000000000000 ) ) ;
#2168 = EDGE_CURVE ( 'NONE', #2412, #1509, #2841, .T. ) ;
#2169 = VERTEX_POINT ( 'NONE', #567 ) ;
#2170 = ORIENTED_EDGE ( 'NONE', *, *, #3089, .T. ) ;
#2171 = CARTESIAN_POINT ( 'NONE',  ( -1.041343250457477998, 2.393525595798705385, 0.1958559013331327703 ) ) ;
#2172 = CARTESIAN_POINT ( 'NONE',  ( -1.111620705755572258, 2.810352761804100208, 0.2999999999999999889 ) ) ;
#2173 = ADVANCED_FACE ( 'NONE', ( #3079 ), #3135, .F. ) ;
#2174 = CIRCLE ( 'NONE', #1998, 0.1999999999999999001 ) ;
#2175 = ORIENTED_EDGE ( 'NONE', *, *, #3248, .T. ) ;
#2176 = CIRCLE ( 'NONE', #590, 0.03999999999999998695 ) ;
#2177 = DIRECTION ( 'NONE',  ( -0.9659258262890690894, -0.2588190451025180749, 0.000000000000000000 ) ) ;
#2178 = DIRECTION ( 'NONE',  ( -0.9659258262890690894, -0.2588190451025181860, -0.000000000000000000 ) ) ;
#2179 = ORIENTED_EDGE ( 'NONE', *, *, #1566, .F. ) ;
#2180 = EDGE_CURVE ( 'NONE', #2942, #586, #3348, .T. ) ;
#2181 = FACE_OUTER_BOUND ( 'NONE', #1409, .T. ) ;
#2182 = CARTESIAN_POINT ( 'NONE',  ( 0.5163098243010494359, 0.4340741737109306553, 0.2999999999999999889 ) ) ;
#2183 = STYLED_ITEM ( 'NONE', ( #2140 ), #1123 ) ;
#2184 = LINE ( 'NONE', #473, #2592 ) ;
#2185 = LINE ( 'NONE', #2466, #1567 ) ;
#2186 = DIRECTION ( 'NONE',  ( -0.9659258262890689783, 0.2588190451025180194, 0.000000000000000000 ) ) ;
#2187 =( GEOMETRIC_REPRESENTATION_CONTEXT ( 3 ) GLOBAL_UNCERTAINTY_ASSIGNED_CONTEXT ( ( #1220 ) ) GLOBAL_UNIT_ASSIGNED_CONTEXT ( ( #1291, #986, #480 ) ) REPRESENTATION_CONTEXT ( 'NONE', 'WORKASPACE' ) );
#2188 = ORIENTED_EDGE ( 'NONE', *, *, #2240, .F. ) ;
#2189 = CARTESIAN_POINT ( 'NONE',  ( 0.000000000000000000, 0.000000000000000000, 0.2999999999999999889 ) ) ;
#2190 = EDGE_CURVE ( 'NONE', #3271, #2575, #3444, .T. ) ;
#2191 = AXIS2_PLACEMENT_3D ( 'NONE', #1610, #2202, #3313 ) ;
#2192 = FACE_OUTER_BOUND ( 'NONE', #3251, .T. ) ;
#2193 = EDGE_CURVE ( 'NONE', #384, #1880, #826, .T. ) ;
#2194 = ORIENTED_EDGE ( 'NONE', *, *, #2559, .T. ) ;
#2195 = DIRECTION ( 'NONE',  ( -0.2588190451025180194, 0.9659258262890689783, -0.000000000000000000 ) ) ;
#2196 = VECTOR ( 'NONE', #1211, 39.37007874015748143 ) ;
#2197 = AXIS2_PLACEMENT_3D ( 'NONE', #3333, #827, #551 ) ;
#2198 = DIRECTION ( 'NONE',  ( -0.9659258262890690894, -0.2588190451025181860, -0.000000000000000000 ) ) ;
#2199 = VERTEX_POINT ( 'NONE', #268 ) ;
#2200 = EDGE_CURVE ( 'NONE', #1450, #1994, #2015, .T. ) ;
#2201 = FACE_OUTER_BOUND ( 'NONE', #2055, .T. ) ;
#2202 = DIRECTION ( 'NONE',  ( -0.9659258262890690894, 0.2588190451025180749, 0.000000000000000000 ) ) ;
#2203 = CARTESIAN_POINT ( 'NONE',  ( 0.4476637211944254902, 0.1778834291753955688, 0.2999999999999999889 ) ) ;
#2204 = AXIS2_PLACEMENT_3D ( 'NONE', #2045, #2322, #2343 ) ;
#2205 = FACE_OUTER_BOUND ( 'NONE', #1267, .T. ) ;
#2206 = DIRECTION ( 'NONE',  ( -0.000000000000000000, -0.000000000000000000, -1.000000000000000000 ) ) ;
#2207 = VERTEX_POINT ( 'NONE', #1133 ) ;
#2208 = CARTESIAN_POINT ( 'NONE',  ( -0.4880255530535873576, 0.4830639685665939487, -0.05999999999999931777 ) ) ;
#2209 = CIRCLE ( 'NONE', #1094, 0.03999999999999993838 ) ;
#2210 = CARTESIAN_POINT ( 'NONE',  ( -1.150257738807135111, 2.799999999999999822, -0.09999999999999985290 ) ) ;
#2211 = AXIS2_PLACEMENT_3D ( 'NONE', #2313, #3422, #2885 ) ;
#2212 = VERTEX_POINT ( 'NONE', #2518 ) ;
#2213 = FACE_OUTER_BOUND ( 'NONE', #2531, .T. ) ;
#2214 = AXIS2_PLACEMENT_3D ( 'NONE', #2500, #1613, #3317 ) ;
#2215 = LINE ( 'NONE', #3327, #2530 ) ;
#2216 = ADVANCED_FACE ( 'NONE', ( #1405 ), #3368, .T. ) ;
#2217 = VERTEX_POINT ( 'NONE', #3389 ) ;
#2218 = CARTESIAN_POINT ( 'NONE',  ( -0.4673200294453859760, 0.4057899024634685770, 0.2999999999999999889 ) ) ;
#2219 = EDGE_CURVE ( 'NONE', #1522, #1419, #53, .T. ) ;
#2220 = CARTESIAN_POINT ( 'NONE',  ( 0.9953108814545231775, 2.376278588093170274, 0.2999999999999999889 ) ) ;
#2221 = EDGE_CURVE ( 'NONE', #2439, #2234, #3097, .T. ) ;
#2222 = CARTESIAN_POINT ( 'NONE',  ( 0.5059570624969486063, 0.3954371406593677474, -0.03418907816250330717 ) ) ;
#2223 = CARTESIAN_POINT ( 'NONE',  ( -0.9849581196504222369, 2.337641555041607422, -0.05999999999999984512 ) ) ;
#2224 = LINE ( 'NONE', #475, #2835 ) ;
#2225 = VERTEX_POINT ( 'NONE', #2822 ) ;
#2226 = LINE ( 'NONE', #3336, #35 ) ;
#2227 = CARTESIAN_POINT ( 'NONE',  ( -0.4476637211944254902, 0.1778834291753955410, 0.2999999999999999889 ) ) ;
#2228 = EDGE_CURVE ( 'NONE', #384, #2645, #2688, .T. ) ;
#2229 =( LENGTH_UNIT ( ) NAMED_UNIT ( * ) SI_UNIT ( $, .METRE. ) );
#2230 = VERTEX_POINT ( 'NONE', #1155 ) ;
#2231 = DIRECTION ( 'NONE',  ( -0.9659258262890689783, 0.2588190451025180194, 0.000000000000000000 ) ) ;
#2232 = CARTESIAN_POINT ( 'NONE',  ( 1.098493929786631629, 2.606814834742186449, 0.09999999999999996392 ) ) ;
#2233 = ORIENTED_EDGE ( 'NONE', *, *, #1141, .F. ) ;
#2234 = VERTEX_POINT ( 'NONE', #1500 ) ;
#2235 = VECTOR ( 'NONE', #3214, 39.37007874015748854 ) ;
#2236 = DIRECTION ( 'NONE',  ( -0.9659258262890690894, 0.2588190451025180749, 0.000000000000000000 ) ) ;
#2237 = EDGE_CURVE ( 'NONE', #1441, #1880, #2658, .T. ) ;
#2238 = CARTESIAN_POINT ( 'NONE',  ( -1.005663643258623674, 2.414915621144733127, 0.2599999999999999534 ) ) ;
#2239 = DIMENSIONAL_EXPONENTS ( 1.000000000000000000, 0.000000000000000000, 0.000000000000000000, 0.000000000000000000, 0.000000000000000000, 0.000000000000000000, 0.000000000000000000 ) ;
#2240 = EDGE_CURVE ( 'NONE', #3110, #1241, #2035, .T. ) ;
#2241 = CARTESIAN_POINT ( 'NONE',  ( -1.111620705755572258, 2.810352761804100208, 0.2999999999999999889 ) ) ;
#2242 = LINE ( 'NONE', #2792, #711 ) ;
#2243 = AXIS2_PLACEMENT_3D ( 'NONE', #3503, #3230, #1247 ) ;
#2244 = CARTESIAN_POINT ( 'NONE',  ( -0.2465346024042074091, 0.1999999999999999833, -0.2999999999999999889 ) ) ;
#2245 = ORIENTED_EDGE ( 'NONE', *, *, #866, .T. ) ;
#2246 = ADVANCED_FACE ( 'NONE', ( #1534 ), #3481, .T. ) ;
#2247 = ORIENTED_EDGE ( 'NONE', *, *, #943, .T. ) ;
#2248 = CARTESIAN_POINT ( 'NONE',  ( -0.4673200294453859760, 0.4057899024634685214, 0.2599999999999999534 ) ) ;
#2249 = CARTESIAN_POINT ( 'NONE',  ( -0.9849581196504223479, 2.337641555041607866, -0.09999999999999983902 ) ) ;
#2250 = DIRECTION ( 'NONE',  ( -0.9659258262890689783, 0.2588190451025180194, 0.000000000000000000 ) ) ;
#2251 = VERTEX_POINT ( 'NONE', #1230 ) ;
#2252 = DIRECTION ( 'NONE',  ( -0.9659258262890689783, 0.2588190451025181305, 0.000000000000000000 ) ) ;
#2253 = DIRECTION ( 'NONE',  ( 0.9659258262890690894, -0.2588190451025180749, -0.000000000000000000 ) ) ;
#2254 = ORIENTED_EDGE ( 'NONE', *, *, #3512, .F. ) ;
#2255 = AXIS2_PLACEMENT_3D ( 'NONE', #1946, #552, #1341 ) ;
#2256 = ORIENTED_EDGE ( 'NONE', *, *, #3550, .T. ) ;
#2257 = AXIS2_PLACEMENT_3D ( 'NONE', #2297, #3406, #3424 ) ;
#2258 = CARTESIAN_POINT ( 'NONE',  ( -1.111620705755572258, 2.810352761804100208, 0.1000000000000000194 ) ) ;
#2259 = CARTESIAN_POINT ( 'NONE',  ( 0.4776727912494866390, 0.4444269355150312628, -0.03418907816250334186 ) ) ;
#2260 = CARTESIAN_POINT ( 'NONE',  ( 0.9953108814545228444, 2.376278588093170274, -0.03418907816250382065 ) ) ;
#2261 = FACE_OUTER_BOUND ( 'NONE', #1415, .T. ) ;
#2262 = ORIENTED_EDGE ( 'NONE', *, *, #3149, .T. ) ;
#2263 = ORIENTED_EDGE ( 'NONE', *, *, #2133, .T. ) ;
#2264 = AXIS2_PLACEMENT_3D ( 'NONE', #3530, #2948, #1547 ) ;
#2265 = CARTESIAN_POINT ( 'NONE',  ( 0.2158415228850488754, 0.2399999999999999634, -0.2999999999999999889 ) ) ;
#2266 = CARTESIAN_POINT ( 'NONE',  ( 0.3613629669484372253, 0.01035276180410061794, -0.09999999999999917288 ) ) ;
#2267 = AXIS2_PLACEMENT_3D ( 'NONE', #2265, #2540, #1617 ) ;
#2268 = LINE ( 'NONE', #4, #3560 ) ;
#2269 = ORIENTED_EDGE ( 'NONE', *, *, #2005, .F. ) ;
#2270 = CIRCLE ( 'NONE', #1444, 0.1999999999999999001 ) ;
#2271 = PLANE ( 'NONE',  #912 ) ;
#2272 = DIRECTION ( 'NONE',  ( -0.9659258262890689783, -0.2588190451025181305, 0.000000000000000000 ) ) ;
#2273 = VECTOR ( 'NONE', #1351, 39.37007874015748854 ) ;
#2274 = CARTESIAN_POINT ( 'NONE',  ( 1.005663643258623674, 2.414915621144733127, -0.03418907816250382065 ) ) ;
#2275 = VERTEX_POINT ( 'NONE', #126 ) ;
#2276 = CARTESIAN_POINT ( 'NONE',  ( -0.4880255530535873576, 0.4830639685665940042, -0.09999999999999931166 ) ) ;
#2277 = DIRECTION ( 'NONE',  ( 0.2588190451025196848, -0.9659258262890686453, 0.000000000000000000 ) ) ;
#2278 = MANIFOLD_SOLID_BREP ( 'Convert-Solid2', #550 ) ;
#2279 = CARTESIAN_POINT ( 'NONE',  ( 0.4300700034762433566, 0.4985931112727454151, -0.05999999999999931777 ) ) ;
#2280 = CARTESIAN_POINT ( 'NONE',  ( -1.111620705755572258, 2.810352761804100208, 0.09999999999999996392 ) ) ;
#2281 = ORIENTED_EDGE ( 'NONE', *, *, #1860, .F. ) ;
#2282 = VERTEX_POINT ( 'NONE', #701 ) ;
#2283 = CYLINDRICAL_SURFACE ( 'NONE', #801, 0.03999999999999993838 ) ;
#2284 = EDGE_CURVE ( 'NONE', #3291, #2104, #1746, .T. ) ;
#2285 = LINE ( 'NONE', #2892, #3124 ) ;
#2286 = EDGE_LOOP ( 'NONE', ( #1884, #1816, #315, #292 ) ) ;
#2287 = CARTESIAN_POINT ( 'NONE',  ( -1.033947914506085919, 2.365925826289069889, 0.2599999999999999534 ) ) ;
#2288 = CYLINDRICAL_SURFACE ( 'NONE', #1, 0.2000000000000000389 ) ;
#2289 = ORIENTED_EDGE ( 'NONE', *, *, #29, .T. ) ;
#2290 = ORIENTED_EDGE ( 'NONE', *, *, #3301, .T. ) ;
#2291 = DIRECTION ( 'NONE',  ( -0.9659258262890687563, -0.2588190451025187966, -0.000000000000000000 ) ) ;
#2292 = ORIENTED_EDGE ( 'NONE', *, *, #872, .T. ) ;
#2293 = EDGE_CURVE ( 'NONE', #1178, #1708, #379, .T. ) ;
#2294 = CARTESIAN_POINT ( 'NONE',  ( 0.4702774552980946710, 0.4168271660053954886, 0.004144098666867045665 ) ) ;
#2295 = AXIS2_PLACEMENT_3D ( 'NONE', #1304, #493, #737 ) ;
#2296 = CARTESIAN_POINT ( 'NONE',  ( -0.3613629669484372253, 0.01035276180410072376, 0.2999999999999999889 ) ) ;
#2297 = CARTESIAN_POINT ( 'NONE',  ( -1.059856896735068776, 2.617167596546287278, -0.09999999999999996392 ) ) ;
#2298 = VERTEX_POINT ( 'NONE', #1191 ) ;
#2299 = ORIENTED_EDGE ( 'NONE', *, *, #1024, .T. ) ;
#2300 = DIRECTION ( 'NONE',  ( 0.000000000000000000, -0.000000000000000000, -1.000000000000000000 ) ) ;
#2301 = AXIS2_PLACEMENT_3D ( 'NONE', #668, #1491, #3123 ) ;
#2302 = FACE_OUTER_BOUND ( 'NONE', #240, .T. ) ;
#2303 = ORIENTED_EDGE ( 'NONE', *, *, #1072, .F. ) ;
#2304 = ADVANCED_FACE ( 'NONE', ( #1517 ), #3229, .F. ) ;
#2305 = CARTESIAN_POINT ( 'NONE',  ( 0.2158415228850488754, 0.04000000000000000083, -0.2999999999999999889 ) ) ;
#2306 = DIRECTION ( 'NONE',  ( -0.9659258262890690894, 0.2588190451025180749, 0.000000000000000000 ) ) ;
#2307 = ORIENTED_EDGE ( 'NONE', *, *, #387, .T. ) ;
#2308 = VECTOR ( 'NONE', #3378, 39.37007874015748854 ) ;
#2309 = EDGE_LOOP ( 'NONE', ( #2179, #3621, #1572, #1991 ) ) ;
#2310 = DIRECTION ( 'NONE',  ( 0.9659258262890689783, 0.2588190451025180194, -0.000000000000000000 ) ) ;
#2311 = CLOSED_SHELL ( 'NONE', ( #3054, #679, #3535, #1105, #13, #3347, #2956, #2855, #2937, #785, #1732, #291, #3245, #3351, #794, #3318, #1402, #2946, #2982, #1044, #2173, #917, #446, #660, #403, #2520, #910, #110, #1924, #817, #257, #3471, #1970, #1598, #1430, #1584, #1398, #2735, #2655, #1255, #1856, #374, #3122, #1785, #791, #723, #3096, #1031, #1421, #2351, #511, #481 ) ) ;
#2312 = ORIENTED_EDGE ( 'NONE', *, *, #1545, .F. ) ;
#2313 = CARTESIAN_POINT ( 'NONE',  ( -0.3613629669484372253, 0.01035276180410061794, -0.09999999999999917288 ) ) ;
#2314 = AXIS2_PLACEMENT_3D ( 'NONE', #2501, #3563, #2793 ) ;
#2315 = LINE ( 'NONE', #3158, #1435 ) ;
#2316 = CARTESIAN_POINT ( 'NONE',  ( 1.098493929786631185, 2.606814834742186004, -0.09999999999999999167 ) ) ;
#2317 = ORIENTED_EDGE ( 'NONE', *, *, #271, .F. ) ;
#2318 = VERTEX_POINT ( 'NONE', #913 ) ;
#2319 = DIRECTION ( 'NONE',  ( 0.000000000000000000, 0.000000000000000000, 1.000000000000000000 ) ) ;
#2320 = DIRECTION ( 'NONE',  ( -0.2588190451025176864, -0.9659258262890692004, -3.628235616585350850E-15 ) ) ;
#2321 = VERTEX_POINT ( 'NONE', #361 ) ;
#2322 = DIRECTION ( 'NONE',  ( -0.9659258262890690894, 0.2588190451025180749, 0.000000000000000000 ) ) ;
#2323 = DIRECTION ( 'NONE',  ( -0.9659258262890690894, 0.2588190451025181860, 0.000000000000000000 ) ) ;
#2324 = AXIS2_PLACEMENT_3D ( 'NONE', #3107, #2832, #820 ) ;
#2325 = ORIENTED_EDGE ( 'NONE', *, *, #1831, .F. ) ;
#2326 = ORIENTED_EDGE ( 'NONE', *, *, #1206, .T. ) ;
#2327 = DIRECTION ( 'NONE',  ( 0.2588190451025180749, -0.9659258262890690894, 0.000000000000000000 ) ) ;
#2328 = VECTOR ( 'NONE', #2746, 39.37007874015748854 ) ;
#2329 = EDGE_CURVE ( 'NONE', #3193, #1050, #1483, .T. ) ;
#2330 = VERTEX_POINT ( 'NONE', #1792 ) ;
#2331 = PLANE ( 'NONE',  #3212 ) ;
#2332 = ADVANCED_FACE ( 'NONE', ( #3175 ), #2331, .T. ) ;
#2333 = AXIS2_PLACEMENT_3D ( 'NONE', #1578, #1507, #2630 ) ;
#2334 = CARTESIAN_POINT ( 'NONE',  ( -1.002706217405914924, 2.403878357602805771, 0.004144098666866448052 ) ) ;
#2335 = DIRECTION ( 'NONE',  ( -1.000000000000000000, 0.000000000000000000, 0.000000000000000000 ) ) ;
#2336 = EDGE_CURVE ( 'NONE', #2356, #2908, #1771, .T. ) ;
#2337 = ORIENTED_EDGE ( 'NONE', *, *, #2168, .T. ) ;
#2338 = ORIENTED_EDGE ( 'NONE', *, *, #914, .T. ) ;
#2339 = DIRECTION ( 'NONE',  ( -1.000000000000000000, 0.000000000000000000, 0.000000000000000000 ) ) ;
#2340 = DIRECTION ( 'NONE',  ( 0.9659258262890690894, 0.2588190451025180749, -0.000000000000000000 ) ) ;
#2341 = DIRECTION ( 'NONE',  ( 0.9659258262890690894, 0.2588190451025180749, -0.000000000000000000 ) ) ;
#2342 = VERTEX_POINT ( 'NONE', #3195 ) ;
#2343 = DIRECTION ( 'NONE',  ( -0.2588190451025196848, -0.9659258262890686453, 0.000000000000000000 ) ) ;
#2344 = DIRECTION ( 'NONE',  ( -0.2588190451025176864, -0.9659258262890692004, 0.000000000000000000 ) ) ;
#2345 = EDGE_CURVE ( 'NONE', #2942, #2230, #3279, .T. ) ;
#2346 = VERTEX_POINT ( 'NONE', #1847 ) ;
#2347 = ORIENTED_EDGE ( 'NONE', *, *, #2022, .F. ) ;
#2348 = DIRECTION ( 'NONE',  ( 0.000000000000000000, 0.000000000000000000, 1.000000000000000000 ) ) ;
#2349 = ORIENTED_EDGE ( 'NONE', *, *, #2445, .F. ) ;
#2350 = CARTESIAN_POINT ( 'NONE',  ( -1.150257738807135111, 2.799999999999999822, 0.2999999999999999889 ) ) ;
#2351 = ADVANCED_FACE ( 'NONE', ( #2181 ), #3262, .T. ) ;
#2352 = CARTESIAN_POINT ( 'NONE',  ( 0.2158415228850488754, 0.2399999999999999634, 0.2999999999999999889 ) ) ;
#2353 = DIRECTION ( 'NONE',  ( 0.000000000000000000, 0.000000000000000000, -1.000000000000000000 ) ) ;
#2354 = AXIS2_PLACEMENT_3D ( 'NONE', #1641, #2765, #1675 ) ;
#2355 = EDGE_CURVE ( 'NONE', #2586, #40, #2729, .T. ) ;
#2356 = VERTEX_POINT ( 'NONE', #1881 ) ;
#2357 = ORIENTED_EDGE ( 'NONE', *, *, #1410, .T. ) ;
#2358 = CARTESIAN_POINT ( 'NONE',  ( 1.150257738807135111, 2.799999999999999822, -0.09999999999999985290 ) ) ;
#2359 = CARTESIAN_POINT ( 'NONE',  ( -0.4090266881428627488, 0.1882361909794962873, 0.2999999999999999889 ) ) ;
#2360 = CYLINDRICAL_SURFACE ( 'NONE', #23, 0.1000239575862020974 ) ;
#2361 = EDGE_CURVE ( 'NONE', #1994, #1953, #214, .T. ) ;
#2362 = ORIENTED_EDGE ( 'NONE', *, *, #536, .F. ) ;
#2363 = PLANE ( 'NONE',  #3367 ) ;
#2364 = LINE ( 'NONE', #2949, #3469 ) ;
#2365 = CIRCLE ( 'NONE', #1883, 0.03999999999999993838 ) ;
#2366 = ORIENTED_EDGE ( 'NONE', *, *, #708, .F. ) ;
#2367 = FACE_OUTER_BOUND ( 'NONE', #2580, .T. ) ;
#2368 = EDGE_CURVE ( 'NONE', #924, #2356, #3518, .T. ) ;
#2369 = PRODUCT_DEFINITION ( 'UNKNOWN', '', #2741, #2142 ) ;
#2370 = ORIENTED_EDGE ( 'NONE', *, *, #107, .T. ) ;
#2371 =( CONVERSION_BASED_UNIT ( 'INCH', #1244 ) LENGTH_UNIT ( ) NAMED_UNIT ( #3385 ) );
#2372 = AXIS2_PLACEMENT_3D ( 'NONE', #1751, #1458, #873 ) ;
#2373 = DIRECTION ( 'NONE',  ( 0.000000000000000000, 0.000000000000000000, -1.000000000000000000 ) ) ;
#2374 = LINE ( 'NONE', #3463, #373 ) ;
#2375 = ORIENTED_EDGE ( 'NONE', *, *, #263, .F. ) ;
#2376 = AXIS2_PLACEMENT_3D ( 'NONE', #898, #2607, #2536 ) ;
#2377 = ORIENTED_EDGE ( 'NONE', *, *, #1437, .T. ) ;
#2378 = CIRCLE ( 'NONE', #2257, 0.1999999999999999001 ) ;
#2379 = DIRECTION ( 'NONE',  ( -0.000000000000000000, -0.000000000000000000, -1.000000000000000000 ) ) ;
#2380 = AXIS2_PLACEMENT_3D ( 'NONE', #1372, #3047, #494 ) ;
#2381 = DIRECTION ( 'NONE',  ( 0.9659258262890687563, -0.2588190451025187966, -0.000000000000000000 ) ) ;
#2382 = DIRECTION ( 'NONE',  ( 0.000000000000000000, 0.000000000000000000, 1.000000000000000000 ) ) ;
#2383 = ORIENTED_EDGE ( 'NONE', *, *, #2345, .T. ) ;
#2384 = ORIENTED_EDGE ( 'NONE', *, *, #1575, .T. ) ;
#2385 = DIRECTION ( 'NONE',  ( 0.2588190451025180749, -0.9659258262890689783, 0.000000000000000000 ) ) ;
#2386 = EDGE_CURVE ( 'NONE', #2766, #2928, #983, .T. ) ;
#2387 = CARTESIAN_POINT ( 'NONE',  ( 0.3999999999999999667, 0.000000000000000000, 0.2999999999999999889 ) ) ;
#2388 = ORIENTED_EDGE ( 'NONE', *, *, #2361, .F. ) ;
#2389 = CARTESIAN_POINT ( 'NONE',  ( -1.041343250457477776, 2.393525595798705830, 0.1958559013331327980 ) ) ;
#2390 = CIRCLE ( 'NONE', #1849, 0.1000239575862020835 ) ;
#2391 = ORIENTED_EDGE ( 'NONE', *, *, #3211, .F. ) ;
#2392 = AXIS2_PLACEMENT_3D ( 'NONE', #2248, #241, #2487 ) ;
#2393 = CARTESIAN_POINT ( 'NONE',  ( -0.2158415228850489032, 0.2399999999999999079, 0.2999999999999999889 ) ) ;
#2394 = EDGE_CURVE ( 'NONE', #3112, #1441, #2424, .T. ) ;
#2395 = AXIS2_PLACEMENT_3D ( 'NONE', #734, #1923, #2676 ) ;
#2396 = ORIENTED_EDGE ( 'NONE', *, *, #1719, .T. ) ;
#2397 = VERTEX_POINT ( 'NONE', #2127 ) ;
#2398 = CARTESIAN_POINT ( 'NONE',  ( -1.002706217405914924, 2.403878357602806215, 0.1958559013331328258 ) ) ;
#2399 = CARTESIAN_POINT ( 'NONE',  ( 1.033947914506085919, 2.365925826289069889, 0.2599999999999999534 ) ) ;
#2400 = ORIENTED_EDGE ( 'NONE', *, *, #568, .F. ) ;
#2401 = FACE_OUTER_BOUND ( 'NONE', #2309, .T. ) ;
#2402 = VECTOR ( 'NONE', #3404, 39.37007874015748854 ) ;
#2403 = LINE ( 'NONE', #966, #248 ) ;
#2404 = LINE ( 'NONE', #526, #1660 ) ;
#2405 = ORIENTED_EDGE ( 'NONE', *, *, #2788, .F. ) ;
#2406 = CARTESIAN_POINT ( 'NONE',  ( 0.3999999999999999667, 0.000000000000000000, 0.2999999999999999889 ) ) ;
#2407 = EDGE_LOOP ( 'NONE', ( #368, #207, #3568, #885 ) ) ;
#2408 = DIRECTION ( 'NONE',  ( 1.000000000000000000, 0.000000000000000000, 0.000000000000000000 ) ) ;
#2409 = DIRECTION ( 'NONE',  ( -0.9659258262890690894, -0.2588190451025181860, -0.000000000000000000 ) ) ;
#2410 = EDGE_CURVE ( 'NONE', #686, #2164, #3035, .T. ) ;
#2411 = ORIENTED_EDGE ( 'NONE', *, *, #455, .T. ) ;
#2412 = VERTEX_POINT ( 'NONE', #2749 ) ;
#2413 = AXIS2_PLACEMENT_3D ( 'NONE', #2352, #108, #3004 ) ;
#2414 = LINE ( 'NONE', #2359, #2859 ) ;
#2415 = CARTESIAN_POINT ( 'NONE',  ( 1.150257738807135111, 2.799999999999999822, 0.2999999999999999889 ) ) ;
#2416 = CIRCLE ( 'NONE', #1296, 0.03999999999999993838 ) ;
#2417 = ORIENTED_EDGE ( 'NONE', *, *, #1796, .T. ) ;
#2418 = PLANE ( 'NONE',  #33 ) ;
#2419 = DIRECTION ( 'NONE',  ( -0.9659258262890690894, -0.2588190451025180749, 0.000000000000000000 ) ) ;
#2420 = ORIENTED_EDGE ( 'NONE', *, *, #3603, .F. ) ;
#2421 = PLANE ( 'NONE',  #2919 ) ;
#2422 = CIRCLE ( 'NONE', #2243, 0.03999999999999998695 ) ;
#2423 = ORIENTED_EDGE ( 'NONE', *, *, #1342, .F. ) ;
#2424 = LINE ( 'NONE', #786, #1916 ) ;
#2425 = LINE ( 'NONE', #1025, #1891 ) ;
#2426 = ORIENTED_EDGE ( 'NONE', *, *, #1199, .T. ) ;
#2427 = DIRECTION ( 'NONE',  ( 0.9659258262890687563, -0.2588190451025187966, 0.000000000000000000 ) ) ;
#2428 = VECTOR ( 'NONE', #2742, 39.37007874015748143 ) ;
#2429 = DIRECTION ( 'NONE',  ( -0.000000000000000000, -0.000000000000000000, 1.000000000000000000 ) ) ;
#2430 = CARTESIAN_POINT ( 'NONE',  ( 1.002706217405914924, 2.403878357602806215, 0.1958559013331328813 ) ) ;
#2431 = CIRCLE ( 'NONE', #2546, 0.03999999999999993838 ) ;
#2432 = AXIS2_PLACEMENT_3D ( 'NONE', #2694, #381, #109 ) ;
#2433 = ORIENTED_EDGE ( 'NONE', *, *, #3464, .F. ) ;
#2434 = LINE ( 'NONE', #1858, #500 ) ;
#2435 = DIRECTION ( 'NONE',  ( 0.2588190451025196848, -0.9659258262890686453, 0.000000000000000000 ) ) ;
#2436 = ORIENTED_EDGE ( 'NONE', *, *, #2821, .T. ) ;
#2437 = CARTESIAN_POINT ( 'NONE',  ( 0.4776727912494866390, 0.4444269355150312628, -0.03418907816250334186 ) ) ;
#2438 = DIRECTION ( 'NONE',  ( 0.2588190451025181860, -0.9659258262890689783, 0.000000000000000000 ) ) ;
#2439 = VERTEX_POINT ( 'NONE', #1902 ) ;
#2440 = CIRCLE ( 'NONE', #93, 0.1999999999999999001 ) ;
#2441 = DIRECTION ( 'NONE',  ( 0.9659258262890689783, 0.2588190451025180194, -0.000000000000000000 ) ) ;
#2442 = EDGE_CURVE ( 'NONE', #2889, #2199, #1080, .T. ) ;
#2443 = DIRECTION ( 'NONE',  ( -0.000000000000000000, -0.000000000000000000, -1.000000000000000000 ) ) ;
#2444 = AXIS2_PLACEMENT_3D ( 'NONE', #2208, #3355, #815 ) ;
#2445 = EDGE_CURVE ( 'NONE', #2230, #431, #161, .T. ) ;
#2446 = VECTOR ( 'NONE', #1347, 39.37007874015748143 ) ;
#2447 = ORIENTED_EDGE ( 'NONE', *, *, #927, .T. ) ;
#2448 = DIRECTION ( 'NONE',  ( 0.9659258262890690894, -0.2588190451025180749, -0.000000000000000000 ) ) ;
#2449 = CARTESIAN_POINT ( 'NONE',  ( -0.4090266881428627488, 0.1882361909794962873, 0.2999999999999999889 ) ) ;
#2450 = EDGE_CURVE ( 'NONE', #1050, #1588, #436, .T. ) ;
#2451 = PLANE ( 'NONE',  #2255 ) ;
#2452 = AXIS2_PLACEMENT_3D ( 'NONE', #950, #3458, #3441 ) ;
#2453 = VERTEX_POINT ( 'NONE', #3538 ) ;
#2454 = ORIENTED_EDGE ( 'NONE', *, *, #620, .T. ) ;
#2455 = CARTESIAN_POINT ( 'NONE',  ( -0.2158415228850489032, 0.04000000000000000083, 0.2999999999999999889 ) ) ;
#2456 = DIRECTION ( 'NONE',  ( 0.2588190451025180194, 0.9659258262890689783, -0.000000000000000000 ) ) ;
#2457 = EDGE_CURVE ( 'NONE', #3433, #2356, #333, .T. ) ;
#2458 = VERTEX_POINT ( 'NONE', #2693 ) ;
#2459 = DIRECTION ( 'NONE',  ( -0.2588190451025196848, -0.9659258262890686453, 0.000000000000000000 ) ) ;
#2460 = PLANE ( 'NONE',  #60 ) ;
#2461 = VERTEX_POINT ( 'NONE', #1554 ) ;
#2462 = CARTESIAN_POINT ( 'NONE',  ( -0.4880255530535873576, 0.4830639685665939487, -0.05999999999999931777 ) ) ;
#2463 = DIRECTION ( 'NONE',  ( 0.2588190451025196848, -0.9659258262890686453, 0.000000000000000000 ) ) ;
#2464 = ADVANCED_FACE ( 'NONE', ( #3027 ), #509, .T. ) ;
#2465 = CARTESIAN_POINT ( 'NONE',  ( 1.002706217405914924, 2.403878357602806215, 0.1958559013331328813 ) ) ;
#2466 = CARTESIAN_POINT ( 'NONE',  ( -0.4776727912494866390, 0.4444269355150312628, 0.2999999999999999889 ) ) ;
#2467 = DIRECTION ( 'NONE',  ( 0.9659258262890689783, 0.2588190451025181305, -0.000000000000000000 ) ) ;
#2468 = EDGE_CURVE ( 'NONE', #1522, #2733, #163, .T. ) ;
#2469 = EDGE_LOOP ( 'NONE', ( #2888, #908, #3533, #3599 ) ) ;
#2470 = CARTESIAN_POINT ( 'NONE',  ( -0.9849581196504223479, 2.337641555041607866, -0.09999999999999983902 ) ) ;
#2471 = DIRECTION ( 'NONE',  ( -1.000000000000000000, 0.000000000000000000, 0.000000000000000000 ) ) ;
#2472 = ADVANCED_FACE ( 'NONE', ( #2201 ), #1283, .F. ) ;
#2473 = LINE ( 'NONE', #3021, #3381 ) ;
#2474 = ORIENTED_EDGE ( 'NONE', *, *, #866, .F. ) ;
#2475 = AXIS2_PLACEMENT_3D ( 'NONE', #3332, #304, #877 ) ;
#2476 = DIRECTION ( 'NONE',  ( 0.2588190451025180749, 0.9659258262890690894, 0.000000000000000000 ) ) ;
#2477 = DIRECTION ( 'NONE',  ( -0.9659258262890690894, -0.2588190451025180749, 0.000000000000000000 ) ) ;
#2478 = ORIENTED_EDGE ( 'NONE', *, *, #2084, .F. ) ;
#2479 = DIRECTION ( 'NONE',  ( -0.9659258262890690894, -0.2588190451025180749, 0.000000000000000000 ) ) ;
#2480 = EDGE_CURVE ( 'NONE', #2889, #1336, #1023, .T. ) ;
#2481 = PLANE ( 'NONE',  #486 ) ;
#2482 = DIRECTION ( 'NONE',  ( -0.2588190451025176864, -0.9659258262890692004, 0.000000000000000000 ) ) ;
#2483 = CARTESIAN_POINT ( 'NONE',  ( -0.5059570624969487174, 0.3954371406593679694, 0.2999999999999999889 ) ) ;
#2484 = CARTESIAN_POINT ( 'NONE',  ( 1.111620705755572258, 2.810352761804100208, 0.2999999999999999889 ) ) ;
#2485 = VECTOR ( 'NONE', #1393, 39.37007874015748143 ) ;
#2486 = ORIENTED_EDGE ( 'NONE', *, *, #3550, .F. ) ;
#2487 = DIRECTION ( 'NONE',  ( 0.2588190451025176864, -0.9659258262890692004, 0.000000000000000000 ) ) ;
#2488 = AXIS2_PLACEMENT_3D ( 'NONE', #3346, #565, #1681 ) ;
#2489 = DIRECTION ( 'NONE',  ( -0.2588190451025180749, 0.9659258262890690894, 0.000000000000000000 ) ) ;
#2490 = ADVANCED_FACE ( 'NONE', ( #469 ), #195, .F. ) ;
#2491 = ORIENTED_EDGE ( 'NONE', *, *, #2574, .F. ) ;
#2492 = DIRECTION ( 'NONE',  ( 0.9659258262890690894, -0.2588190451025180749, -0.000000000000000000 ) ) ;
#2493 = VECTOR ( 'NONE', #1449, 39.37007874015748143 ) ;
#2494 = DIRECTION ( 'NONE',  ( -0.9659258262890689783, 0.2588190451025180194, 0.000000000000000000 ) ) ;
#2495 = EDGE_CURVE ( 'NONE', #2856, #3151, #1331, .T. ) ;
#2496 = VERTEX_POINT ( 'NONE', #2218 ) ;
#2497 = DIRECTION ( 'NONE',  ( 0.2588190451025176864, -0.9659258262890692004, 0.000000000000000000 ) ) ;
#2498 = CYLINDRICAL_SURFACE ( 'NONE', #729, 0.03999999999999993838 ) ;
#2499 = VECTOR ( 'NONE', #2231, 39.37007874015748854 ) ;
#2500 = CARTESIAN_POINT ( 'NONE',  ( 0.2465346024042074091, 0.1999999999999999833, 0.2999999999999999889 ) ) ;
#2501 = CARTESIAN_POINT ( 'NONE',  ( 0.9373553318771790099, 2.391807730799320630, 0.09999999999999970024 ) ) ;
#2502 = EDGE_CURVE ( 'NONE', #117, #2699, #3365, .T. ) ;
#2503 = ORIENTED_EDGE ( 'NONE', *, *, #672, .T. ) ;
#2504 = CARTESIAN_POINT ( 'NONE',  ( -0.4476637211944254902, 0.1778834291753955410, -0.3000000000000002665 ) ) ;
#2505 = AXIS2_PLACEMENT_3D ( 'NONE', #11, #2786, #564 ) ;
#2506 = CARTESIAN_POINT ( 'NONE',  ( -0.9953108814545231775, 2.376278588093170274, 0.2999999999999999889 ) ) ;
#2507 = ORIENTED_EDGE ( 'NONE', *, *, #3515, .T. ) ;
#2508 = CARTESIAN_POINT ( 'NONE',  ( 0.9953108814545228444, 2.376278588093170274, -0.03418907816250382065 ) ) ;
#2509 = VECTOR ( 'NONE', #739, 39.37007874015748854 ) ;
#2510 = DIRECTION ( 'NONE',  ( -0.2588190451025176864, -0.9659258262890692004, 0.000000000000000000 ) ) ;
#2511 = EDGE_CURVE ( 'NONE', #3193, #1852, #3628, .T. ) ;
#2512 = ORIENTED_EDGE ( 'NONE', *, *, #1807, .F. ) ;
#2513 = ORIENTED_EDGE ( 'NONE', *, *, #514, .T. ) ;
#2514 = CARTESIAN_POINT ( 'NONE',  ( 0.5163098243010494359, 0.4340741737109306553, 0.2341890781625038942 ) ) ;
#2515 =( GEOMETRIC_REPRESENTATION_CONTEXT ( 3 ) GLOBAL_UNCERTAINTY_ASSIGNED_CONTEXT ( ( #3452 ) ) GLOBAL_UNIT_ASSIGNED_CONTEXT ( ( #2371, #87, #70 ) ) REPRESENTATION_CONTEXT ( 'NONE', 'WORKASPACE' ) );
#2516 = CARTESIAN_POINT ( 'NONE',  ( 0.9953108814545228444, 2.376278588093170274, -0.05999999999999987288 ) ) ;
#2517 = EDGE_CURVE ( 'NONE', #3433, #1197, #525, .T. ) ;
#2518 = CARTESIAN_POINT ( 'NONE',  ( -1.002706217405914924, 2.403878357602806215, 0.1958559013331328258 ) ) ;
#2519 = LINE ( 'NONE', #54, #1176 ) ;
#2520 = ADVANCED_FACE ( 'NONE', ( #1645 ), #2767, .T. ) ;
#2521 = DIRECTION ( 'NONE',  ( -0.9659258262890689783, 0.2588190451025180194, 0.000000000000000000 ) ) ;
#2522 = EDGE_LOOP ( 'NONE', ( #1279, #553, #1113, #762 ) ) ;
#2523 = FACE_OUTER_BOUND ( 'NONE', #607, .T. ) ;
#2524 = EDGE_CURVE ( 'NONE', #524, #1033, #1940, .T. ) ;
#2525 = CARTESIAN_POINT ( 'NONE',  ( -0.4776727912494866390, 0.4444269355150312628, 0.2999999999999999889 ) ) ;
#2526 = DIRECTION ( 'NONE',  ( -0.000000000000000000, -0.000000000000000000, 1.000000000000000000 ) ) ;
#2527 = ORIENTED_EDGE ( 'NONE', *, *, #1947, .F. ) ;
#2528 = CARTESIAN_POINT ( 'NONE',  ( 0.000000000000000000, 0.000000000000000000, 0.2999999999999999889 ) ) ;
#2529 = DIRECTION ( 'NONE',  ( 0.9659258262890690894, -0.2588190451025181860, -0.000000000000000000 ) ) ;
#2530 = VECTOR ( 'NONE', #821, 39.37007874015748143 ) ;
#2531 = EDGE_LOOP ( 'NONE', ( #2831, #1834, #3407, #2068 ) ) ;
#2532 = ORIENTED_EDGE ( 'NONE', *, *, #2883, .T. ) ;
#2533 = CARTESIAN_POINT ( 'NONE',  ( -1.059856896735068776, 2.617167596546286834, 0.09999999999999996392 ) ) ;
#2534 = DIRECTION ( 'NONE',  ( -0.2588190451025180194, 0.9659258262890689783, 0.000000000000000000 ) ) ;
#2535 = DIRECTION ( 'NONE',  ( -0.9659258262890690894, 0.2588190451025180749, 0.000000000000000000 ) ) ;
#2536 = DIRECTION ( 'NONE',  ( -0.2588190451025181860, -0.9659258262890689783, 0.000000000000000000 ) ) ;
#2537 = AXIS2_PLACEMENT_3D ( 'NONE', #1712, #2323, #3416 ) ;
#2538 = VERTEX_POINT ( 'NONE', #2258 ) ;
#2539 = VERTEX_POINT ( 'NONE', #2820 ) ;
#2540 = DIRECTION ( 'NONE',  ( 0.000000000000000000, -0.000000000000000000, 1.000000000000000000 ) ) ;
#2541 = LINE ( 'NONE', #22, #2308 ) ;
#2542 = EDGE_LOOP ( 'NONE', ( #3049, #284, #1705, #1967 ) ) ;
#2543 = FACE_OUTER_BOUND ( 'NONE', #273, .T. ) ;
#2544 = FACE_OUTER_BOUND ( 'NONE', #3472, .T. ) ;
#2545 = ORIENTED_EDGE ( 'NONE', *, *, #778, .F. ) ;
#2546 = AXIS2_PLACEMENT_3D ( 'NONE', #201, #2737, #2716 ) ;
#2547 = ORIENTED_EDGE ( 'NONE', *, *, #1536, .T. ) ;
#2548 = VECTOR ( 'NONE', #37, 39.37007874015748143 ) ;
#2549 = DIRECTION ( 'NONE',  ( -0.9659258262890690894, -0.2588190451025181860, -0.000000000000000000 ) ) ;
#2550 = AXIS2_PLACEMENT_3D ( 'NONE', #2223, #1908, #3268 ) ;
#2551 = EDGE_CURVE ( 'NONE', #3453, #2775, #3315, .T. ) ;
#2552 = DIRECTION ( 'NONE',  ( 0.2588190451025196848, -0.9659258262890686453, -8.537024980200835623E-16 ) ) ;
#2553 = DIRECTION ( 'NONE',  ( -0.2588190451025176864, -0.9659258262890692004, 0.000000000000000000 ) ) ;
#2554 = CARTESIAN_POINT ( 'NONE',  ( 1.033947914506085919, 2.365925826289069445, -2.395758620164980746E-05 ) ) ;
#2555 = ORIENTED_EDGE ( 'NONE', *, *, #620, .F. ) ;
#2556 = ORIENTED_EDGE ( 'NONE', *, *, #528, .T. ) ;
#2557 = AXIS2_PLACEMENT_3D ( 'NONE', #725, #155, #3019 ) ;
#2558 = CARTESIAN_POINT ( 'NONE',  ( 1.033947914506085919, 2.365925826289069889, 0.2999999999999999889 ) ) ;
#2559 = EDGE_CURVE ( 'NONE', #422, #2412, #1697, .T. ) ;
#2560 = DIRECTION ( 'NONE',  ( 0.9659258262890689783, 0.2588190451025180194, -0.000000000000000000 ) ) ;
#2561 = EDGE_LOOP ( 'NONE', ( #795, #562, #938, #365, #1996, #1747, #634, #758, #2188, #1811, #1759, #1639 ) ) ;
#2562 = CIRCLE ( 'NONE', #1213, 0.03999999999999998695 ) ;
#2563 = DIRECTION ( 'NONE',  ( -0.2588190451025176864, -0.9659258262890692004, 0.000000000000000000 ) ) ;
#2564 = DIRECTION ( 'NONE',  ( 0.000000000000000000, 0.000000000000000000, -1.000000000000000000 ) ) ;
#2565 = EDGE_CURVE ( 'NONE', #1852, #1912, #2270, .T. ) ;
#2566 = VECTOR ( 'NONE', #1042, 39.37007874015748143 ) ;
#2567 = EDGE_LOOP ( 'NONE', ( #3166, #1512, #2491, #331 ) ) ;
#2568 = ORIENTED_EDGE ( 'NONE', *, *, #1815, .F. ) ;
#2569 = FACE_OUTER_BOUND ( 'NONE', #1196, .T. ) ;
#2570 = VERTEX_POINT ( 'NONE', #2276 ) ;
#2571 = DIRECTION ( 'NONE',  ( 0.9659258262890690894, -0.2588190451025180749, -0.000000000000000000 ) ) ;
#2572 = DIRECTION ( 'NONE',  ( -1.000000000000000000, 0.000000000000000000, 0.000000000000000000 ) ) ;
#2573 = CARTESIAN_POINT ( 'NONE',  ( 1.059856896735068776, 2.617167596546286834, -0.09999999999999999167 ) ) ;
#2574 = EDGE_CURVE ( 'NONE', #1576, #2199, #3044, .T. ) ;
#2575 = VERTEX_POINT ( 'NONE', #2837 ) ;
#2576 = ORIENTED_EDGE ( 'NONE', *, *, #1981, .F. ) ;
#2577 = DIRECTION ( 'NONE',  ( 0.2588190451025180749, -0.9659258262890689783, 0.000000000000000000 ) ) ;
#2578 = EDGE_CURVE ( 'NONE', #2119, #3295, #1152, .T. ) ;
#2579 = CARTESIAN_POINT ( 'NONE',  ( 0.5089144883496574678, 0.4064744042012948255, 0.004144098666866908622 ) ) ;
#2580 = EDGE_LOOP ( 'NONE', ( #2739, #2010, #2998, #854 ) ) ;
#2581 = DIRECTION ( 'NONE',  ( 0.9659258262890690894, -0.2588190451025181860, -0.000000000000000000 ) ) ;
#2582 = LINE ( 'NONE', #317, #303 ) ;
#2583 = VERTEX_POINT ( 'NONE', #2804 ) ;
#2584 = CARTESIAN_POINT ( 'NONE',  ( 0.5266625861051502655, 0.4727112067624934522, -0.09999999999999932554 ) ) ;
#2585 = AXIS2_PLACEMENT_3D ( 'NONE', #2624, #2925, #1314 ) ;
#2586 = VERTEX_POINT ( 'NONE', #2514 ) ;
#2587 = CIRCLE ( 'NONE', #768, 0.03999999999999998695 ) ;
#2588 = CARTESIAN_POINT ( 'NONE',  ( 0.2465346024042074091, 0.1999999999999999833, -0.2999999999999999889 ) ) ;
#2589 = CARTESIAN_POINT ( 'NONE',  ( 0.2158415228850488754, 0.04000000000000000083, 0.2999999999999999889 ) ) ;
#2590 = ORIENTED_EDGE ( 'NONE', *, *, #1085, .F. ) ;
#2591 = ORIENTED_EDGE ( 'NONE', *, *, #3165, .T. ) ;
#2592 = VECTOR ( 'NONE', #1927, 39.37007874015748854 ) ;
#2593 = DIRECTION ( 'NONE',  ( -0.9659258262890690894, -0.2588190451025180749, 0.000000000000000000 ) ) ;
#2594 = DIRECTION ( 'NONE',  ( 0.9659258262890690894, -0.2588190451025180749, -0.000000000000000000 ) ) ;
#2595 = ORIENTED_EDGE ( 'NONE', *, *, #495, .F. ) ;
#2596 = EDGE_CURVE ( 'NONE', #1634, #1058, #1618, .T. ) ;
#2597 = CARTESIAN_POINT ( 'NONE',  ( -0.3613629669484372253, 0.01035276180410061794, -0.09999999999999917288 ) ) ;
#2598 = DIRECTION ( 'NONE',  ( 7.070542890854142283E-17, 2.638762530576288081E-16, 1.000000000000000000 ) ) ;
#2599 = EDGE_LOOP ( 'NONE', ( #49, #1717, #2447, #2802, #443, #2025, #2844, #2745, #2909, #2290, #2021, #700, #1041, #2170, #167, #1022, #183, #405, #39, #2723, #3604, #629, #1832 ) ) ;
#2600 = EDGE_CURVE ( 'NONE', #2230, #2298, #1368, .T. ) ;
#2601 = AXIS2_PLACEMENT_3D ( 'NONE', #1412, #77, #1163 ) ;
#2602 = ORIENTED_EDGE ( 'NONE', *, *, #2600, .T. ) ;
#2603 = CARTESIAN_POINT ( 'NONE',  ( -1.111620705755572258, 2.810352761804100208, -0.09999999999999985290 ) ) ;
#2604 = ADVANCED_FACE ( 'NONE', ( #2569 ), #1661, .F. ) ;
#2605 = CIRCLE ( 'NONE', #3594, 0.03999999999999993838 ) ;
#2606 = VERTEX_POINT ( 'NONE', #857 ) ;
#2607 = DIRECTION ( 'NONE',  ( 0.9659258262890690894, -0.2588190451025180749, -0.000000000000000000 ) ) ;
#2608 = ORIENTED_EDGE ( 'NONE', *, *, #1976, .F. ) ;
#2609 = ORIENTED_EDGE ( 'NONE', *, *, #3429, .F. ) ;
#2610 = LINE ( 'NONE', #2558, #3207 ) ;
#2611 = EDGE_CURVE ( 'NONE', #1496, #30, #1153, .T. ) ;
#2612 = DIRECTION ( 'NONE',  ( 0.9659258262890689783, 0.2588190451025181305, 0.000000000000000000 ) ) ;
#2613 = VECTOR ( 'NONE', #3566, 39.37007874015748143 ) ;
#2614 = ORIENTED_EDGE ( 'NONE', *, *, #2386, .T. ) ;
#2615 = CARTESIAN_POINT ( 'NONE',  ( -1.002706217405914924, 2.403878357602805771, 0.004144098666866448052 ) ) ;
#2616 = CARTESIAN_POINT ( 'NONE',  ( -0.4776727912494866390, 0.4444269355150312628, -0.03418907816250334186 ) ) ;
#2617 = EDGE_LOOP ( 'NONE', ( #847, #2370, #3460, #352 ) ) ;
#2618 = EDGE_CURVE ( 'NONE', #3151, #320, #859, .T. ) ;
#2619 = ORIENTED_EDGE ( 'NONE', *, *, #2468, .F. ) ;
#2620 = DIRECTION ( 'NONE',  ( 0.000000000000000000, 0.000000000000000000, -1.000000000000000000 ) ) ;
#2621 = EDGE_CURVE ( 'NONE', #586, #1509, #321, .T. ) ;
#2622 = VERTEX_POINT ( 'NONE', #2603 ) ;
#2623 = PRESENTATION_STYLE_ASSIGNMENT (( #147 ) ) ;
#2624 = CARTESIAN_POINT ( 'NONE',  ( -0.4673200294453858650, 0.4057899024634684659, 0.2341890781625039497 ) ) ;
#2625 = DIRECTION ( 'NONE',  ( -0.000000000000000000, -0.000000000000000000, 1.000000000000000000 ) ) ;
#2626 = EDGE_CURVE ( 'NONE', #2145, #2762, #66, .T. ) ;
#2627 = ORIENTED_EDGE ( 'NONE', *, *, #3165, .F. ) ;
#2628 = ORIENTED_EDGE ( 'NONE', *, *, #2240, .T. ) ;
#2629 = DIRECTION ( 'NONE',  ( -0.9659258262890690894, 0.2588190451025180749, 0.000000000000000000 ) ) ;
#2630 = DIRECTION ( 'NONE',  ( -0.2588190451025176864, 0.9659258262890692004, 0.000000000000000000 ) ) ;
#2631 = DIRECTION ( 'NONE',  ( -0.2588190451025175198, -0.9659258262890690894, 0.000000000000000000 ) ) ;
#2632 = EDGE_LOOP ( 'NONE', ( #1400, #3233, #664, #341 ) ) ;
#2633 = DIRECTION ( 'NONE',  ( -0.9659258262890690894, -0.2588190451025180749, 0.000000000000000000 ) ) ;
#2634 = EDGE_CURVE ( 'NONE', #3506, #2928, #698, .T. ) ;
#2635 = CARTESIAN_POINT ( 'NONE',  ( 1.033947914506085919, 2.365925826289069445, -0.05999999999999983125 ) ) ;
#2636 = ORIENTED_EDGE ( 'NONE', *, *, #130, .T. ) ;
#2637 = DIRECTION ( 'NONE',  ( 0.2588190451025181860, -0.9659258262890689783, 0.000000000000000000 ) ) ;
#2638 = ORIENTED_EDGE ( 'NONE', *, *, #2596, .F. ) ;
#2639 = CARTESIAN_POINT ( 'NONE',  ( 1.005663643258623674, 2.414915621144733127, 0.2599999999999999534 ) ) ;
#2640 = LINE ( 'NONE', #1607, #2114 ) ;
#2641 = CARTESIAN_POINT ( 'NONE',  ( 1.150257738807135111, 2.799999999999999822, 0.2999999999999999889 ) ) ;
#2642 = CIRCLE ( 'NONE', #2354, 0.1999999999999999001 ) ;
#2643 = AXIS2_PLACEMENT_3D ( 'NONE', #2222, #1718, #1663 ) ;
#2644 = ORIENTED_EDGE ( 'NONE', *, *, #1453, .F. ) ;
#2645 = VERTEX_POINT ( 'NONE', #2389 ) ;
#2646 = CARTESIAN_POINT ( 'NONE',  ( -0.4673200294453859760, 0.4057899024634685214, 0.2599999999999999534 ) ) ;
#2647 = DIRECTION ( 'NONE',  ( 0.2588190451025196848, -0.9659258262890686453, 6.189343110645606073E-15 ) ) ;
#2648 = CARTESIAN_POINT ( 'NONE',  ( 0.5163098243010494359, 0.4340741737109304887, 0.2599999999999999534 ) ) ;
#2649 = EDGE_LOOP ( 'NONE', ( #1399, #2627, #2400, #1611 ) ) ;
#2650 = FACE_OUTER_BOUND ( 'NONE', #2599, .T. ) ;
#2651 = CARTESIAN_POINT ( 'NONE',  ( -0.3999999999999999667, 0.000000000000000000, 0.2999999999999999889 ) ) ;
#2652 = MECHANICAL_DESIGN_GEOMETRIC_PRESENTATION_REPRESENTATION (  '', ( #2183 ), #2187 ) ;
#2653 = VERTEX_POINT ( 'NONE', #2031 ) ;
#2654 = CARTESIAN_POINT ( 'NONE',  ( 0.4090266881428627488, 0.1882361909794963151, 0.2999999999999999889 ) ) ;
#2655 = ADVANCED_FACE ( 'NONE', ( #1809 ), #2049, .T. ) ;
#2657 = ORIENTED_EDGE ( 'NONE', *, *, #2618, .T. ) ;
#2656 = AXIS2_PLACEMENT_3D ( 'NONE', #2024, #1707, #2830 ) ;
#2658 = LINE ( 'NONE', #2096, #279 ) ;
#2659 = PRODUCT_DEFINITION_SHAPE ( 'NONE', 'NONE',  #2369 ) ;
#2660 = AXIS2_PLACEMENT_3D ( 'NONE', #1926, #3045, #3540 ) ;
#2661 = CARTESIAN_POINT ( 'NONE',  ( -0.2158415228850489032, 0.2399999999999999079, 0.2999999999999999889 ) ) ;
#2662 = ORIENTED_EDGE ( 'NONE', *, *, #1216, .F. ) ;
#2663 = VECTOR ( 'NONE', #3634, 39.37007874015748854 ) ;
#2664 = ORIENTED_EDGE ( 'NONE', *, *, #3265, .T. ) ;
#2665 = AXIS2_PLACEMENT_3D ( 'NONE', #897, #2535, #3423 ) ;
#2666 = CARTESIAN_POINT ( 'NONE',  ( -1.044300676310186526, 2.404562859340632297, -0.03418907816250382065 ) ) ;
#2667 = DIRECTION ( 'NONE',  ( 0.9659258262890689783, -0.2588190451025181305, 0.000000000000000000 ) ) ;
#2668 = ORIENTED_EDGE ( 'NONE', *, *, #1437, .F. ) ;
#2669 = DIRECTION ( 'NONE',  ( -1.000000000000000000, 0.000000000000000000, -0.000000000000000000 ) ) ;
#2670 = SURFACE_SIDE_STYLE ('',( #1549 ) ) ;
#2671 = ORIENTED_EDGE ( 'NONE', *, *, #766, .F. ) ;
#2672 = CARTESIAN_POINT ( 'NONE',  ( -0.5266625861051501545, 0.4727112067624933966, -0.09999999999999945044 ) ) ;
#2673 = AXIS2_PLACEMENT_3D ( 'NONE', #2189, #224, #3619 ) ;
#2674 = EDGE_CURVE ( 'NONE', #3555, #3022, #415, .T. ) ;
#2675 = ORIENTED_EDGE ( 'NONE', *, *, #338, .F. ) ;
#2676 = DIRECTION ( 'NONE',  ( 0.2588190451025196848, 0.9659258262890686453, 0.000000000000000000 ) ) ;
#2677 = AXIS2_PLACEMENT_3D ( 'NONE', #50, #2549, #3330 ) ;
#2678 = DIRECTION ( 'NONE',  ( 0.9659258262890689783, 0.2588190451025180194, -0.000000000000000000 ) ) ;
#2679 = AXIS2_PLACEMENT_3D ( 'NONE', #2709, #454, #1573 ) ;
#2680 = ORIENTED_EDGE ( 'NONE', *, *, #3372, .F. ) ;
#2681 = EDGE_LOOP ( 'NONE', ( #3396, #3427, #2547, #1006 ) ) ;
#2682 = AXIS2_PLACEMENT_3D ( 'NONE', #1218, #996, #2963 ) ;
#2683 = LINE ( 'NONE', #151, #1739 ) ;
#2684 = APPLICATION_CONTEXT ( 'automotive_design' ) ;
#2685 = CARTESIAN_POINT ( 'NONE',  ( -0.9373553318771791210, 2.391807730799321519, 0.2599999999999999534 ) ) ;
#2686 = ORIENTED_EDGE ( 'NONE', *, *, #3328, .F. ) ;
#2687 = CARTESIAN_POINT ( 'NONE',  ( -1.059856896735068776, 2.617167596546287278, -0.09999999999999996392 ) ) ;
#2688 = CIRCLE ( 'NONE', #813, 0.03999999999999993838 ) ;
#2689 = CARTESIAN_POINT ( 'NONE',  ( -1.041343250457477776, 2.393525595798704941, 0.004144098666866533054 ) ) ;
#2690 = ORIENTED_EDGE ( 'NONE', *, *, #2785, .F. ) ;
#2691 = CARTESIAN_POINT ( 'NONE',  ( -0.5089144883496575789, 0.4064744042012947145, 0.004144098666867062145 ) ) ;
#2692 = ORIENTED_EDGE ( 'NONE', *, *, #1321, .T. ) ;
#2693 = CARTESIAN_POINT ( 'NONE',  ( -1.023595152701985311, 2.327288793237506592, -0.09999999999999983902 ) ) ;
#2694 = CARTESIAN_POINT ( 'NONE',  ( 0.4673200294453858650, 0.4057899024634684659, 0.2341890781625039497 ) ) ;
#2695 = VERTEX_POINT ( 'NONE', #3172 ) ;
#2696 = DIRECTION ( 'NONE',  ( -0.9659258262890689783, 0.2588190451025180194, 0.000000000000000000 ) ) ;
#2697 = LINE ( 'NONE', #1047, #3154 ) ;
#2698 = FACE_OUTER_BOUND ( 'NONE', #557, .T. ) ;
#2699 = VERTEX_POINT ( 'NONE', #1532 ) ;
#2700 = FACE_OUTER_BOUND ( 'NONE', #1357, .T. ) ;
#2701 = CARTESIAN_POINT ( 'NONE',  ( 0.3999999999999999667, 0.000000000000000000, 0.2999999999999999889 ) ) ;
#2702 = EDGE_CURVE ( 'NONE', #855, #3329, #2860, .T. ) ;
#2703 = ORIENTED_EDGE ( 'NONE', *, *, #609, .F. ) ;
#2704 = DIRECTION ( 'NONE',  ( 0.2588190451025176864, -0.9659258262890692004, 0.000000000000000000 ) ) ;
#2705 = CIRCLE ( 'NONE', #1766, 0.03999999999999993838 ) ;
#2706 = DIRECTION ( 'NONE',  ( 0.000000000000000000, -0.000000000000000000, -1.000000000000000000 ) ) ;
#2707 = EDGE_CURVE ( 'NONE', #1708, #2954, #2562, .T. ) ;
#2708 = ORIENTED_EDGE ( 'NONE', *, *, #2893, .T. ) ;
#2709 = CARTESIAN_POINT ( 'NONE',  ( 0.4776727912494866390, 0.4444269355150313183, 0.1000000000000003109 ) ) ;
#2710 = ADVANCED_FACE ( 'NONE', ( #2367 ), #397, .F. ) ;
#2711 = FACE_OUTER_BOUND ( 'NONE', #1622, .T. ) ;
#2712 = VERTEX_POINT ( 'NONE', #1514 ) ;
#2713 = DIRECTION ( 'NONE',  ( -0.9659258262890690894, 0.2588190451025180749, 0.000000000000000000 ) ) ;
#2714 = AXIS2_PLACEMENT_3D ( 'NONE', #1043, #249, #232 ) ;
#2715 = DIRECTION ( 'NONE',  ( -0.9659258262890689783, -0.2588190451025181305, 0.000000000000000000 ) ) ;
#2716 = DIRECTION ( 'NONE',  ( 0.2588190451025196848, -0.9659258262890686453, 0.000000000000000000 ) ) ;
#2717 = VECTOR ( 'NONE', #408, 39.37007874015748143 ) ;
#2718 = AXIS2_PLACEMENT_3D ( 'NONE', #570, #1428, #1684 ) ;
#2719 = EDGE_CURVE ( 'NONE', #2007, #1178, #3155, .T. ) ;
#2720 = ORIENTED_EDGE ( 'NONE', *, *, #2674, .T. ) ;
#2721 = LINE ( 'NONE', #204, #2847 ) ;
#2722 = CARTESIAN_POINT ( 'NONE',  ( 1.005663643258623674, 2.414915621144733127, 0.2341890781625032281 ) ) ;
#2723 = ORIENTED_EDGE ( 'NONE', *, *, #2293, .T. ) ;
#2724 = CARTESIAN_POINT ( 'NONE',  ( -0.3613629669484372253, 0.01035276180410072376, 0.2999999999999999889 ) ) ;
#2725 = DIRECTION ( 'NONE',  ( -0.2588190451025187411, 0.9659258262890688673, 0.000000000000000000 ) ) ;
#2726 = ADVANCED_FACE ( 'NONE', ( #1497 ), #3498, .T. ) ;
#2727 = ORIENTED_EDGE ( 'NONE', *, *, #1807, .T. ) ;
#2728 = AXIS2_PLACEMENT_3D ( 'NONE', #336, #905, #2563 ) ;
#2729 = LINE ( 'NONE', #3312, #2273 ) ;
#2730 = ADVANCED_FACE ( 'NONE', ( #2013 ), #3477, .T. ) ;
#2731 = CARTESIAN_POINT ( 'NONE',  ( -1.023595152701985311, 2.327288793237507480, -0.09999999999999999167 ) ) ;
#2732 = VECTOR ( 'NONE', #875, 39.37007874015748854 ) ;
#2733 = VERTEX_POINT ( 'NONE', #2584 ) ;
#2734 = FACE_OUTER_BOUND ( 'NONE', #198, .T. ) ;
#2735 = ADVANCED_FACE ( 'NONE', ( #1228 ), #3191, .T. ) ;
#2736 = CYLINDRICAL_SURFACE ( 'NONE', #2214, 0.2000000000000000389 ) ;
#2737 = DIRECTION ( 'NONE',  ( 0.9659258262890690894, 0.2588190451025180749, -0.000000000000000000 ) ) ;
#2738 = VECTOR ( 'NONE', #953, 39.37007874015748143 ) ;
#2739 = ORIENTED_EDGE ( 'NONE', *, *, #1526, .F. ) ;
#2740 = CARTESIAN_POINT ( 'NONE',  ( 1.023595152701985311, 2.327288793237506592, -0.09999999999999983902 ) ) ;
#2741 = PRODUCT_DEFINITION_FORMATION_WITH_SPECIFIED_SOURCE ( 'ANY', '', #2750, .NOT_KNOWN. ) ;
#2742 = DIRECTION ( 'NONE',  ( 0.000000000000000000, 0.000000000000000000, -1.000000000000000000 ) ) ;
#2743 = ADVANCED_FACE ( 'NONE', ( #1205 ), #931, .F. ) ;
#2744 =( CONVERSION_BASED_UNIT ( 'INCH', #1952 ) LENGTH_UNIT ( ) NAMED_UNIT ( #3129 ) );
#2745 = ORIENTED_EDGE ( 'NONE', *, *, #3039, .T. ) ;
#2746 = DIRECTION ( 'NONE',  ( 0.9659258262890689783, 0.2588190451025180194, -0.000000000000000000 ) ) ;
#2747 = CARTESIAN_POINT ( 'NONE',  ( -0.2465346024042074091, 0.000000000000000000, -0.2999999999999999889 ) ) ;
#2748 = EDGE_LOOP ( 'NONE', ( #1725, #1169, #998, #521 ) ) ;
#2749 = CARTESIAN_POINT ( 'NONE',  ( -0.4090266881428627488, 0.1882361909794962873, -0.2999999999999999889 ) ) ;
#2750 = PRODUCT ( '423-0292', '423-0292', '', ( #540 ) ) ;
#2751 = DIRECTION ( 'NONE',  ( 0.9659258262890689783, -0.2588190451025181305, 0.000000000000000000 ) ) ;
#2752 = LINE ( 'NONE', #810, #10 ) ;
#2753 = CARTESIAN_POINT ( 'NONE',  ( -0.9373553318771791210, 2.391807730799321519, -0.03418907816250382065 ) ) ;
#2754 = CARTESIAN_POINT ( 'NONE',  ( -0.9953108814545228444, 2.376278588093170274, -0.05999999999999987288 ) ) ;
#2755 = ADVANCED_FACE ( 'NONE', ( #657 ), #2921, .F. ) ;
#2756 = ORIENTED_EDGE ( 'NONE', *, *, #1026, .T. ) ;
#2757 = CIRCLE ( 'NONE', #3050, 0.03999999999999998695 ) ;
#2758 = DIRECTION ( 'NONE',  ( -0.2588190451025175198, -0.9659258262890690894, 0.000000000000000000 ) ) ;
#2759 = FACE_OUTER_BOUND ( 'NONE', #1786, .T. ) ;
#2760 = AXIS2_PLACEMENT_3D ( 'NONE', #28, #2477, #1077 ) ;
#2761 = CARTESIAN_POINT ( 'NONE',  ( -1.005663643258623674, 2.414915621144733127, 0.2599999999999999534 ) ) ;
#2762 = VERTEX_POINT ( 'NONE', #2091 ) ;
#2763 = CIRCLE ( 'NONE', #1181, 0.1000239575862020974 ) ;
#2764 = CARTESIAN_POINT ( 'NONE',  ( 0.4776727912494866390, 0.4444269355150312628, 0.2599999999999999534 ) ) ;
#2765 = DIRECTION ( 'NONE',  ( -0.9659258262890690894, -0.2588190451025180749, 0.000000000000000000 ) ) ;
#2766 = VERTEX_POINT ( 'NONE', #3210 ) ;
#2768 = AXIS2_PLACEMENT_3D ( 'NONE', #96, #296, #2320 ) ;
#2767 = CYLINDRICAL_SURFACE ( 'NONE', #2677, 0.03999999999999998695 ) ;
#2769 = EDGE_CURVE ( 'NONE', #952, #142, #2852, .T. ) ;
#2770 = CARTESIAN_POINT ( 'NONE',  ( -0.9477080936812799505, 2.430444763850883927, 0.2599999999999999534 ) ) ;
#2771 = DIRECTION ( 'NONE',  ( 1.000000000000000000, 0.000000000000000000, 0.000000000000000000 ) ) ;
#2772 = CARTESIAN_POINT ( 'NONE',  ( -1.033947914506085919, 2.365925826289069889, 0.2341890781625032003 ) ) ;
#2773 = DIRECTION ( 'NONE',  ( -0.9659258262890690894, -0.2588190451025180749, 0.000000000000000000 ) ) ;
#2774 = AXIS2_PLACEMENT_3D ( 'NONE', #2506, #2489, #3602 ) ;
#2775 = VERTEX_POINT ( 'NONE', #747 ) ;
#2776 = DIRECTION ( 'NONE',  ( -0.2588190451025176864, -0.9659258262890692004, 1.814117808292675425E-15 ) ) ;
#2777 = AXIS2_PLACEMENT_3D ( 'NONE', #3610, #1662, #3558 ) ;
#2778 = PLANE ( 'NONE',  #1185 ) ;
#2779 = APPLICATION_PROTOCOL_DEFINITION ( 'draft international standard', 'automotive_design', 1998, #1625 ) ;
#2780 = VERTEX_POINT ( 'NONE', #2691 ) ;
#2781 = CARTESIAN_POINT ( 'NONE',  ( -0.9953108814545228444, 2.376278588093170274, -0.03418907816250382065 ) ) ;
#2782 = PLANE ( 'NONE',  #2760 ) ;
#2783 = EDGE_CURVE ( 'NONE', #524, #597, #1677, .T. ) ;
#2784 = ORIENTED_EDGE ( 'NONE', *, *, #761, .T. ) ;
#2785 = EDGE_CURVE ( 'NONE', #924, #524, #1038, .T. ) ;
#2786 = DIRECTION ( 'NONE',  ( -0.2588190451025180749, 0.9659258262890690894, 0.000000000000000000 ) ) ;
#2787 = DIRECTION ( 'NONE',  ( 1.000000000000000000, 0.000000000000000000, 0.000000000000000000 ) ) ;
#2788 = EDGE_CURVE ( 'NONE', #1752, #2342, #208, .T. ) ;
#2789 = DIRECTION ( 'NONE',  ( 0.9659258262890689783, 0.2588190451025180194, -0.000000000000000000 ) ) ;
#2790 = PRODUCT_RELATED_PRODUCT_CATEGORY ( 'part', '', ( #2750 ) ) ;
#2791 = VECTOR ( 'NONE', #3206, 39.37007874015748143 ) ;
#2792 = CARTESIAN_POINT ( 'NONE',  ( 0.3999999999999999667, 0.000000000000000000, -0.3000000000000002665 ) ) ;
#2793 = DIRECTION ( 'NONE',  ( 0.2588190451025181860, 0.9659258262890690894, 0.000000000000000000 ) ) ;
#2794 = ORIENTED_EDGE ( 'NONE', *, *, #761, .F. ) ;
#2795 = DIRECTION ( 'NONE',  ( 0.9659258262890690894, -0.2588190451025180749, -0.000000000000000000 ) ) ;
#2796 = CIRCLE ( 'NONE', #391, 0.03999999999999993838 ) ;
#2797 = CARTESIAN_POINT ( 'NONE',  ( 0.4702774552980946710, 0.4168271660053954886, 0.1958559013331335752 ) ) ;
#2798 = ORIENTED_EDGE ( 'NONE', *, *, #43, .T. ) ;
#2799 = DIRECTION ( 'NONE',  ( 0.2588190451025180194, 0.9659258262890689783, 0.000000000000000000 ) ) ;
#2800 = AXIS2_PLACEMENT_3D ( 'NONE', #114, #2102, #3219 ) ;
#2801 = DIRECTION ( 'NONE',  ( -0.2588190451025181860, -0.9659258262890689783, 8.534980204960887153E-16 ) ) ;
#2802 = ORIENTED_EDGE ( 'NONE', *, *, #2626, .T. ) ;
#2803 = ORIENTED_EDGE ( 'NONE', *, *, #2061, .F. ) ;
#2804 = CARTESIAN_POINT ( 'NONE',  ( -1.044300676310186526, 2.404562859340632741, 0.2999999999999999889 ) ) ;
#2805 = DIRECTION ( 'NONE',  ( -0.2588190451025176864, -0.9659258262890692004, 0.000000000000000000 ) ) ;
#2806 = DIRECTION ( 'NONE',  ( -0.2588190451025176864, -0.9659258262890692004, 0.000000000000000000 ) ) ;
#2807 = LINE ( 'NONE', #2554, #2548 ) ;
#2808 = ORIENTED_EDGE ( 'NONE', *, *, #1103, .F. ) ;
#2809 = ORIENTED_EDGE ( 'NONE', *, *, #2137, .T. ) ;
#2810 = CARTESIAN_POINT ( 'NONE',  ( 0.2158415228850488754, 0.04000000000000000083, 0.2999999999999999889 ) ) ;
#2811 = LINE ( 'NONE', #3164, #1540 ) ;
#2812 = VERTEX_POINT ( 'NONE', #3514 ) ;
#2813 = LINE ( 'NONE', #1436, #1377 ) ;
#2814 = DIRECTION ( 'NONE',  ( -0.2588190451025196848, -0.9659258262890686453, 0.000000000000000000 ) ) ;
#2815 = VECTOR ( 'NONE', #3042, 39.37007874015748854 ) ;
#2816 = EDGE_CURVE ( 'NONE', #2699, #665, #3611, .T. ) ;
#2817 = EDGE_LOOP ( 'NONE', ( #67, #1678, #2454, #3335, #3505, #1264, #26, #1164, #1243, #1390, #243, #3094, #2233, #1144, #2664, #1003, #3588, #357, #2692, #2417, #2175, #1233, #439 ) ) ;
#2818 = AXIS2_PLACEMENT_3D ( 'NONE', #529, #1885, #2771 ) ;
#2819 = EDGE_LOOP ( 'NONE', ( #1204, #2556, #2138, #2263, #3627, #3392, #1603, #1799, #149, #45, #125, #1986, #1768, #497, #2299, #1580, #3055, #1221, #2756, #1857, #904, #1643, #3156 ) ) ;
#2820 = CARTESIAN_POINT ( 'NONE',  ( -0.2158415228850489032, 0.04000000000000000083, 0.2999999999999999889 ) ) ;
#2821 = EDGE_CURVE ( 'NONE', #3009, #3224, #1552, .T. ) ;
#2822 = CARTESIAN_POINT ( 'NONE',  ( 0.5163098243010494359, 0.4340741737109306553, -0.05999999999999946348 ) ) ;
#2823 = CARTESIAN_POINT ( 'NONE',  ( 0.4517846860596510528, 0.3478112116348762717, 0.1000000000000003109 ) ) ;
#2824 = CYLINDRICAL_SURFACE ( 'NONE', #2718, 0.03999999999999998695 ) ;
#2825 = CIRCLE ( 'NONE', #3294, 0.1000239575862020835 ) ;
#2826 = ORIENTED_EDGE ( 'NONE', *, *, #1698, .F. ) ;
#2827 = ORIENTED_EDGE ( 'NONE', *, *, #1423, .T. ) ;
#2828 = EDGE_CURVE ( 'NONE', #2007, #2070, #1280, .T. ) ;
#2829 = FACE_OUTER_BOUND ( 'NONE', #3342, .T. ) ;
#2830 = DIRECTION ( 'NONE',  ( -0.9659258262890689783, 0.2588190451025181305, 0.000000000000000000 ) ) ;
#2831 = ORIENTED_EDGE ( 'NONE', *, *, #1909, .F. ) ;
#2832 = DIRECTION ( 'NONE',  ( 0.000000000000000000, 0.000000000000000000, 1.000000000000000000 ) ) ;
#2833 = LINE ( 'NONE', #616, #1699 ) ;
#2834 = CARTESIAN_POINT ( 'NONE',  ( -0.5163098243010494359, 0.4340741737109306553, -0.03418907816250348064 ) ) ;
#2835 = VECTOR ( 'NONE', #1084, 39.37007874015748854 ) ;
#2836 = EDGE_LOOP ( 'NONE', ( #990, #3083, #3447, #753 ) ) ;
#2837 = CARTESIAN_POINT ( 'NONE',  ( 1.005663643258623896, 2.414915621144733571, 0.2999999999999999889 ) ) ;
#2838 = ADVANCED_FACE ( 'NONE', ( #782 ), #1623, .T. ) ;
#2839 = ORIENTED_EDGE ( 'NONE', *, *, #2329, .T. ) ;
#2840 = EDGE_CURVE ( 'NONE', #431, #869, #1295, .T. ) ;
#2841 = LINE ( 'NONE', #1738, #3580 ) ;
#2842 = DIRECTION ( 'NONE',  ( -0.2588190451025181305, -0.9659258262890689783, 2.731847993664261739E-16 ) ) ;
#2843 = DIRECTION ( 'NONE',  ( 0.2588190451025187411, 0.9659258262890688673, 0.000000000000000000 ) ) ;
#2844 = ORIENTED_EDGE ( 'NONE', *, *, #1754, .T. ) ;
#2845 = EDGE_CURVE ( 'NONE', #8, #2321, #1862, .T. ) ;
#2846 = ORIENTED_EDGE ( 'NONE', *, *, #2355, .T. ) ;
#2847 = VECTOR ( 'NONE', #1052, 39.37007874015748854 ) ;
#2848 = DIRECTION ( 'NONE',  ( 0.2588190451025196848, -0.9659258262890686453, 0.000000000000000000 ) ) ;
#2849 = DIRECTION ( 'NONE',  ( -0.9659258262890690894, 0.2588190451025180749, 0.000000000000000000 ) ) ;
#2850 = AXIS2_PLACEMENT_3D ( 'NONE', #1490, #2891, #2577 ) ;
#2851 = ORIENTED_EDGE ( 'NONE', *, *, #1263, .F. ) ;
#2852 = CIRCLE ( 'NONE', #3263, 0.03999999999999993838 ) ;
#2853 = CARTESIAN_POINT ( 'NONE',  ( 0.9373553318771790099, 2.391807730799320630, 0.09999999999999970024 ) ) ;
#2854 = CARTESIAN_POINT ( 'NONE',  ( -0.4776727912494866390, 0.4444269355150312628, -0.05999999999999932471 ) ) ;
#2855 = ADVANCED_FACE ( 'NONE', ( #3225 ), #2421, .F. ) ;
#2856 = VERTEX_POINT ( 'NONE', #3275 ) ;
#2857 = AXIS2_PLACEMENT_3D ( 'NONE', #2023, #630, #2339 ) ;
#2858 = ORIENTED_EDGE ( 'NONE', *, *, #1823, .F. ) ;
#2859 = VECTOR ( 'NONE', #1236, 39.37007874015748854 ) ;
#2860 = LINE ( 'NONE', #1242, #3496 ) ;
#2861 = VECTOR ( 'NONE', #2526, 39.37007874015748143 ) ;
#2862 = EDGE_LOOP ( 'NONE', ( #1285, #1455, #1378, #2568 ) ) ;
#2863 = DIRECTION ( 'NONE',  ( -0.9659258262890690894, -0.2588190451025180749, 0.000000000000000000 ) ) ;
#2864 = VECTOR ( 'NONE', #2110, 39.37007874015748143 ) ;
#2865 = CYLINDRICAL_SURFACE ( 'NONE', #1260, 0.03999999999999998695 ) ;
#2866 = CARTESIAN_POINT ( 'NONE',  ( 1.059856896735068776, 2.617167596546287722, 0.2999999999999999889 ) ) ;
#2867 = EDGE_CURVE ( 'NONE', #2461, #1249, #2796, .T. ) ;
#2868 = ORIENTED_EDGE ( 'NONE', *, *, #2821, .F. ) ;
#2869 = VERTEX_POINT ( 'NONE', #2672 ) ;
#2870 = LINE ( 'NONE', #3102, #1269 ) ;
#2871 = EDGE_CURVE ( 'NONE', #1045, #3448, #566, .T. ) ;
#2872 = DIRECTION ( 'NONE',  ( 0.2588190451025181305, -0.9659258262890689783, 0.000000000000000000 ) ) ;
#2873 = EDGE_CURVE ( 'NONE', #2869, #2169, #745, .T. ) ;
#2874 = ORIENTED_EDGE ( 'NONE', *, *, #182, .F. ) ;
#2875 = DIRECTION ( 'NONE',  ( -0.000000000000000000, -0.000000000000000000, 1.000000000000000000 ) ) ;
#2876 = LINE ( 'NONE', #2854, #3459 ) ;
#2877 = CARTESIAN_POINT ( 'NONE',  ( 0.9953108814545231775, 2.376278588093170274, 0.2341890781625032281 ) ) ;
#2878 = VERTEX_POINT ( 'NONE', #483 ) ;
#2879 = DIRECTION ( 'NONE',  ( -0.2588190451025180749, -0.9659258262890689783, 0.000000000000000000 ) ) ;
#2880 = CIRCLE ( 'NONE', #2585, 0.03999999999999998695 ) ;
#2881 = ORIENTED_EDGE ( 'NONE', *, *, #3328, .T. ) ;
#2882 = VECTOR ( 'NONE', #974, 39.37007874015748854 ) ;
#2883 = EDGE_CURVE ( 'NONE', #2044, #3329, #1827, .T. ) ;
#2884 = EDGE_CURVE ( 'NONE', #3110, #2439, #3373, .T. ) ;
#2885 = DIRECTION ( 'NONE',  ( 0.2588190451025180194, -0.9659258262890689783, 2.731847993664262232E-16 ) ) ;
#2886 = FACE_OUTER_BOUND ( 'NONE', #949, .T. ) ;
#2887 = PLANE ( 'NONE',  #144 ) ;
#2888 = ORIENTED_EDGE ( 'NONE', *, *, #215, .F. ) ;
#2889 = VERTEX_POINT ( 'NONE', #2437 ) ;
#2890 = CIRCLE ( 'NONE', #1777, 0.1000239575862020974 ) ;
#2891 = DIRECTION ( 'NONE',  ( -0.9659258262890690894, -0.2588190451025180749, 0.000000000000000000 ) ) ;
#2892 = CARTESIAN_POINT ( 'NONE',  ( 0.3613629669484372253, 0.01035276180410072376, 0.2999999999999999889 ) ) ;
#2893 = EDGE_CURVE ( 'NONE', #2212, #3291, #2159, .T. ) ;
#2894 = EDGE_LOOP ( 'NONE', ( #1298, #1850, #1434, #1114 ) ) ;
#2895 = EDGE_CURVE ( 'NONE', #1249, #2856, #1604, .T. ) ;
#2896 = CYLINDRICAL_SURFACE ( 'NONE', #2728, 0.03999999999999998695 ) ;
#2897 = CARTESIAN_POINT ( 'NONE',  ( -0.9373553318771791210, 2.391807730799321519, 0.2000239575862018115 ) ) ;
#2898 = VECTOR ( 'NONE', #1761, 39.37007874015748854 ) ;
#2899 = ORIENTED_EDGE ( 'NONE', *, *, #1823, .T. ) ;
#2900 = CARTESIAN_POINT ( 'NONE',  ( 0.3999999999999999667, 0.000000000000000000, 0.2999999999999999889 ) ) ;
#2901 = EDGE_CURVE ( 'NONE', #308, #3114, #2209, .T. ) ;
#2902 = AXIS2_PLACEMENT_3D ( 'NONE', #345, #1741, #1466 ) ;
#2903 = ORIENTED_EDGE ( 'NONE', *, *, #2445, .T. ) ;
#2904 = AXIS2_PLACEMENT_3D ( 'NONE', #735, #1519, #2335 ) ;
#2905 = DIRECTION ( 'NONE',  ( -0.9659258262890690894, -0.2588190451025180749, 0.000000000000000000 ) ) ;
#2906 = DIRECTION ( 'NONE',  ( 0.9659258262890690894, -0.2588190451025181860, -0.000000000000000000 ) ) ;
#2907 = CYLINDRICAL_SURFACE ( 'NONE', #3344, 0.03999999999999998695 ) ;
#2908 = VERTEX_POINT ( 'NONE', #1396 ) ;
#2909 = ORIENTED_EDGE ( 'NONE', *, *, #3087, .T. ) ;
#2910 = CARTESIAN_POINT ( 'NONE',  ( -0.4702774552980946710, 0.4168271660053954886, 0.004144098666867045665 ) ) ;
#2911 = DIRECTION ( 'NONE',  ( 0.2588190451025175198, -0.9659258262890690894, 0.000000000000000000 ) ) ;
#2912 = CARTESIAN_POINT ( 'NONE',  ( 0.4776727912494866390, 0.4444269355150313183, 0.1000000000000003109 ) ) ;
#2913 = VECTOR ( 'NONE', #2195, 39.37007874015748854 ) ;
#2914 = EDGE_LOOP ( 'NONE', ( #348, #2720, #639, #1229 ) ) ;
#2915 = DIRECTION ( 'NONE',  ( -0.9659258262890688673, 0.2588190451025188521, 0.000000000000000000 ) ) ;
#2916 = LINE ( 'NONE', #636, #588 ) ;
#2917 = CIRCLE ( 'NONE', #2444, 0.03999999999999998695 ) ;
#2918 = DIRECTION ( 'NONE',  ( -0.9659258262890690894, 0.2588190451025180749, 0.000000000000000000 ) ) ;
#2919 = AXIS2_PLACEMENT_3D ( 'NONE', #2724, #2969, #3534 ) ;
#2920 = VERTEX_POINT ( 'NONE', #1640 ) ;
#2921 = CYLINDRICAL_SURFACE ( 'NONE', #1329, 0.1000239575862020974 ) ;
#2922 = AXIS2_PLACEMENT_3D ( 'NONE', #1130, #2236, #1420 ) ;
#2923 = ORIENTED_EDGE ( 'NONE', *, *, #2828, .F. ) ;
#2924 = DIRECTION ( 'NONE',  ( 0.000000000000000000, 0.000000000000000000, -1.000000000000000000 ) ) ;
#2925 = DIRECTION ( 'NONE',  ( 0.9659258262890690894, 0.2588190451025180749, -0.000000000000000000 ) ) ;
#2926 = CYLINDRICAL_SURFACE ( 'NONE', #188, 0.03999999999999993838 ) ;
#2927 = ORIENTED_EDGE ( 'NONE', *, *, #1921, .F. ) ;
#2928 = VERTEX_POINT ( 'NONE', #1974 ) ;
#2929 = LINE ( 'NONE', #406, #3616 ) ;
#2930 = LINE ( 'NONE', #1252, #2976 ) ;
#2931 = DIRECTION ( 'NONE',  ( -0.9659258262890690894, -0.2588190451025180749, 0.000000000000000000 ) ) ;
#2932 = ORIENTED_EDGE ( 'NONE', *, *, #1845, .F. ) ;
#2933 = CYLINDRICAL_SURFACE ( 'NONE', #3608, 0.03999999999999998695 ) ;
#2934 = DIRECTION ( 'NONE',  ( -0.9659258262890690894, 0.2588190451025180749, 0.000000000000000000 ) ) ;
#2935 = ORIENTED_EDGE ( 'NONE', *, *, #52, .F. ) ;
#2936 = DIRECTION ( 'NONE',  ( 0.2588190451025180194, 0.9659258262890689783, -0.000000000000000000 ) ) ;
#2937 = ADVANCED_FACE ( 'NONE', ( #852 ), #3091, .T. ) ;
#2938 = ORIENTED_EDGE ( 'NONE', *, *, #1059, .F. ) ;
#2939 = FILL_AREA_STYLE_COLOUR ( '', #458 ) ;
#2940 = CARTESIAN_POINT ( 'NONE',  ( 0.5163098243010494359, 0.4340741737109304887, 0.2341890781625039497 ) ) ;
#2941 = EDGE_CURVE ( 'NONE', #3114, #2106, #3041, .T. ) ;
#2942 = VERTEX_POINT ( 'NONE', #3340 ) ;
#2943 = ORIENTED_EDGE ( 'NONE', *, *, #546, .F. ) ;
#2944 = CARTESIAN_POINT ( 'NONE',  ( 1.033947914506085919, 2.365925826289069445, 0.2341890781625032281 ) ) ;
#2945 = CARTESIAN_POINT ( 'NONE',  ( -0.9953108814545228444, 2.376278588093169830, 0.09999999999999970024 ) ) ;
#2946 = ADVANCED_FACE ( 'NONE', ( #244 ), #1992, .F. ) ;
#2947 = ORIENTED_EDGE ( 'NONE', *, *, #1637, .F. ) ;
#2948 = DIRECTION ( 'NONE',  ( -0.9659258262890690894, 0.2588190451025180749, 0.000000000000000000 ) ) ;
#2949 = CARTESIAN_POINT ( 'NONE',  ( -0.4702774552980946710, 0.4168271660053954886, 0.004144098666867045665 ) ) ;
#2950 = DIRECTION ( 'NONE',  ( -0.2588190451025180194, 0.9659258262890689783, 0.000000000000000000 ) ) ;
#2951 = ORIENTED_EDGE ( 'NONE', *, *, #595, .T. ) ;
#2952 = CARTESIAN_POINT ( 'NONE',  ( -0.4776727912494866390, 0.4444269355150312628, 0.2599999999999999534 ) ) ;
#2954 = VERTEX_POINT ( 'NONE', #2764 ) ;
#2953 = VECTOR ( 'NONE', #2612, 39.37007874015748854 ) ;
#2955 = DIRECTION ( 'NONE',  ( -0.2588190451025196848, -0.9659258262890686453, 0.000000000000000000 ) ) ;
#2956 = ADVANCED_FACE ( 'NONE', ( #298 ), #1379, .F. ) ;
#2957 = AXIS2_PLACEMENT_3D ( 'NONE', #980, #1524, #2911 ) ;
#2958 = CARTESIAN_POINT ( 'NONE',  ( 0.3613629669484372253, 0.01035276180410072376, 0.2999999999999999889 ) ) ;
#2959 = EDGE_CURVE ( 'NONE', #2346, #2282, #2813, .T. ) ;
#2960 = ORIENTED_EDGE ( 'NONE', *, *, #3223, .F. ) ;
#2961 = AXIS2_PLACEMENT_3D ( 'NONE', #389, #3254, #691 ) ;
#2962 = ORIENTED_EDGE ( 'NONE', *, *, #3301, .F. ) ;
#2963 = DIRECTION ( 'NONE',  ( 0.2588190451025176864, -0.9659258262890692004, 0.000000000000000000 ) ) ;
#2964 = FACE_OUTER_BOUND ( 'NONE', #646, .T. ) ;
#2965 = ORIENTED_EDGE ( 'NONE', *, *, #872, .F. ) ;
#2966 = FACE_OUTER_BOUND ( 'NONE', #2542, .T. ) ;
#2967 = LINE ( 'NONE', #2157, #777 ) ;
#2968 = ORIENTED_EDGE ( 'NONE', *, *, #1300, .T. ) ;
#2969 = DIRECTION ( 'NONE',  ( -0.9659258262890690894, -0.2588190451025180749, 0.000000000000000000 ) ) ;
#2970 = ORIENTED_EDGE ( 'NONE', *, *, #2941, .F. ) ;
#2971 = CARTESIAN_POINT ( 'NONE',  ( -1.059856896735068776, 2.617167596546286834, 0.09999999999999996392 ) ) ;
#2972 = AXIS2_PLACEMENT_3D ( 'NONE', #598, #3113, #1716 ) ;
#2973 = LINE ( 'NONE', #1848, #3016 ) ;
#2974 = ORIENTED_EDGE ( 'NONE', *, *, #187, .T. ) ;
#2975 = FACE_OUTER_BOUND ( 'NONE', #1020, .T. ) ;
#2976 = VECTOR ( 'NONE', #407, 39.37007874015748143 ) ;
#2977 = LINE ( 'NONE', #1270, #2073 ) ;
#2978 = CARTESIAN_POINT ( 'NONE',  ( -1.059856896735068776, 2.617167596546286834, 0.09999999999999996392 ) ) ;
#2979 = EDGE_CURVE ( 'NONE', #3448, #2920, #1656, .T. ) ;
#2980 = ORIENTED_EDGE ( 'NONE', *, *, #1487, .F. ) ;
#2981 = DIRECTION ( 'NONE',  ( -0.000000000000000000, -0.000000000000000000, -1.000000000000000000 ) ) ;
#2982 = ADVANCED_FACE ( 'NONE', ( #2543 ), #2271, .F. ) ;
#2983 = PRESENTATION_LAYER_ASSIGNMENT (  '', '', ( #3622 ) ) ;
#2984 = LINE ( 'NONE', #464, #1414 ) ;
#2985 = EDGE_CURVE ( 'NONE', #765, #117, #2390, .T. ) ;
#2986 = EDGE_LOOP ( 'NONE', ( #1888, #175, #172, #2636 ) ) ;
#2987 = DIRECTION ( 'NONE',  ( 0.000000000000000000, 0.000000000000000000, -1.000000000000000000 ) ) ;
#2988 = LINE ( 'NONE', #682, #3521 ) ;
#2989 = EDGE_LOOP ( 'NONE', ( #893, #2245, #396, #3408 ) ) ;
#2990 = DIRECTION ( 'NONE',  ( 0.000000000000000000, 0.000000000000000000, -1.000000000000000000 ) ) ;
#2991 = LINE ( 'NONE', #2182, #1838 ) ;
#2992 = ADVANCED_FACE ( 'NONE', ( #2213 ), #870, .F. ) ;
#2993 = ORIENTED_EDGE ( 'NONE', *, *, #2893, .F. ) ;
#2994 = PLANE ( 'NONE',  #659 ) ;
#2995 = LINE ( 'NONE', #2753, #973 ) ;
#2996 = DIRECTION ( 'NONE',  ( -1.000000000000000000, 0.000000000000000000, 0.000000000000000000 ) ) ;
#2997 = CIRCLE ( 'NONE', #1404, 0.03999999999999998695 ) ;
#2998 = ORIENTED_EDGE ( 'NONE', *, *, #2524, .T. ) ;
#2999 = LINE ( 'NONE', #776, #3078 ) ;
#3000 = EDGE_CURVE ( 'NONE', #3485, #2150, #316, .T. ) ;
#3001 = EDGE_CURVE ( 'NONE', #2583, #3112, #442, .T. ) ;
#3002 = ORIENTED_EDGE ( 'NONE', *, *, #1206, .F. ) ;
#3003 = DIRECTION ( 'NONE',  ( -0.9659258262890689783, 0.2588190451025181305, -0.000000000000000000 ) ) ;
#3004 = DIRECTION ( 'NONE',  ( -1.000000000000000000, 0.000000000000000000, 0.000000000000000000 ) ) ;
#3005 = AXIS2_PLACEMENT_3D ( 'NONE', #727, #1530, #2121 ) ;
#3006 = EDGE_CURVE ( 'NONE', #2583, #2712, #1075, .T. ) ;
#3007 = CARTESIAN_POINT ( 'NONE',  ( -1.111620705755572258, 2.810352761804100208, -0.09999999999999985290 ) ) ;
#3008 = DIRECTION ( 'NONE',  ( 0.9659258262890690894, 0.2588190451025180749, -0.000000000000000000 ) ) ;
#3009 = VERTEX_POINT ( 'NONE', #2781 ) ;
#3010 = LINE ( 'NONE', #2130, #1824 ) ;
#3011 = VECTOR ( 'NONE', #2751, 39.37007874015748143 ) ;
#3012 = CYLINDRICAL_SURFACE ( 'NONE', #2380, 0.1999999999999999278 ) ;
#3013 = CARTESIAN_POINT ( 'NONE',  ( -0.4090266881428627488, 0.1882361909794962873, -0.2999999999999999889 ) ) ;
#3014 = EDGE_CURVE ( 'NONE', #2856, #900, #261, .T. ) ;
#3015 = VECTOR ( 'NONE', #740, 39.37007874015748854 ) ;
#3016 = VECTOR ( 'NONE', #717, 39.37007874015748854 ) ;
#3017 = AXIS2_PLACEMENT_3D ( 'NONE', #1305, #2429, #3544 ) ;
#3018 = ORIENTED_EDGE ( 'NONE', *, *, #1367, .T. ) ;
#3019 = DIRECTION ( 'NONE',  ( -0.2588190451025196848, -0.9659258262890686453, 0.000000000000000000 ) ) ;
#3020 = LINE ( 'NONE', #2172, #2485 ) ;
#3021 = CARTESIAN_POINT ( 'NONE',  ( 0.4776727912494866390, 0.4444269355150312628, -0.03418907816250334186 ) ) ;
#3022 = VERTEX_POINT ( 'NONE', #1954 ) ;
#3023 = CARTESIAN_POINT ( 'NONE',  ( 0.2465346024042074091, 0.000000000000000000, 0.2999999999999999889 ) ) ;
#3024 = DIRECTION ( 'NONE',  ( -0.9659258262890690894, -0.2588190451025180749, 0.000000000000000000 ) ) ;
#3025 = ORIENTED_EDGE ( 'NONE', *, *, #2457, .F. ) ;
#3026 = CIRCLE ( 'NONE', #1322, 0.1000239575862020974 ) ;
#3027 = FACE_OUTER_BOUND ( 'NONE', #2617, .T. ) ;
#3028 = EDGE_CURVE ( 'NONE', #804, #1546, #3072, .T. ) ;
#3029 = DIRECTION ( 'NONE',  ( 0.2588190451025180194, -0.9659258262890689783, 0.000000000000000000 ) ) ;
#3030 = AXIS2_PLACEMENT_3D ( 'NONE', #386, #2593, #2848 ) ;
#3031 = VECTOR ( 'NONE', #1188, 39.37007874015748854 ) ;
#3032 = DIRECTION ( 'NONE',  ( -0.2588190451025181860, -0.9659258262890689783, 0.000000000000000000 ) ) ;
#3033 = CARTESIAN_POINT ( 'NONE',  ( -0.5059570624969486063, 0.3954371406593677474, 0.2341890781625039497 ) ) ;
#3034 = CARTESIAN_POINT ( 'NONE',  ( 1.111620705755572258, 2.810352761804100208, 0.2999999999999999889 ) ) ;
#3035 = CIRCLE ( 'NONE', #3320, 0.03999999999999998695 ) ;
#3036 = ORIENTED_EDGE ( 'NONE', *, *, #2442, .F. ) ;
#3037 = DIRECTION ( 'NONE',  ( 0.2588190451025181860, -0.9659258262890689783, 0.000000000000000000 ) ) ;
#3038 = FACE_OUTER_BOUND ( 'NONE', #2748, .T. ) ;
#3039 = EDGE_CURVE ( 'NONE', #203, #900, #280, .T. ) ;
#3040 = ORIENTED_EDGE ( 'NONE', *, *, #2071, .F. ) ;
#3041 = LINE ( 'NONE', #522, #2032 ) ;
#3042 = DIRECTION ( 'NONE',  ( 0.2588190451025180194, -0.9659258262890689783, 0.000000000000000000 ) ) ;
#3043 = EDGE_LOOP ( 'NONE', ( #3401, #978, #57, #3421 ) ) ;
#3044 = LINE ( 'NONE', #1384, #3086 ) ;
#3045 = DIRECTION ( 'NONE',  ( 0.9659258262890690894, 0.2588190451025180749, -0.000000000000000000 ) ) ;
#3046 = LINE ( 'NONE', #2165, #538 ) ;
#3047 = DIRECTION ( 'NONE',  ( -0.9659258262890688673, -0.2588190451025188521, 0.000000000000000000 ) ) ;
#3048 = DIRECTION ( 'NONE',  ( 0.000000000000000000, 0.000000000000000000, -1.000000000000000000 ) ) ;
#3049 = ORIENTED_EDGE ( 'NONE', *, *, #1903, .F. ) ;
#3050 = AXIS2_PLACEMENT_3D ( 'NONE', #569, #305, #2806 ) ;
#3051 = PLANE ( 'NONE',  #2267 ) ;
#3052 = FACE_OUTER_BOUND ( 'NONE', #2567, .T. ) ;
#3053 = CIRCLE ( 'NONE', #654, 0.03999999999999993838 ) ;
#3054 = ADVANCED_FACE ( 'NONE', ( #3397 ), #925, .F. ) ;
#3055 = ORIENTED_EDGE ( 'NONE', *, *, #116, .T. ) ;
#3056 = CARTESIAN_POINT ( 'NONE',  ( -0.3999999999999999667, 0.000000000000000000, 0.2999999999999999889 ) ) ;
#3057 = CARTESIAN_POINT ( 'NONE',  ( 0.4090266881428627488, 0.1882361909794963151, 0.2999999999999999889 ) ) ;
#3058 = ORIENTED_EDGE ( 'NONE', *, *, #886, .T. ) ;
#3059 = CIRCLE ( 'NONE', #476, 0.2000000000000000389 ) ;
#3060 = DIRECTION ( 'NONE',  ( 0.2588190451025180749, -0.9659258262890689783, 0.000000000000000000 ) ) ;
#3061 = CARTESIAN_POINT ( 'NONE',  ( -0.2158415228850489032, 0.2399999999999999079, 0.2999999999999999889 ) ) ;
#3062 = DIRECTION ( 'NONE',  ( -0.000000000000000000, -0.000000000000000000, -1.000000000000000000 ) ) ;
#3063 = CARTESIAN_POINT ( 'NONE',  ( 0.9849581196504225700, 2.337641555041607422, -0.09999999999999983902 ) ) ;
#3064 = CARTESIAN_POINT ( 'NONE',  ( -0.4776727912494866390, 0.4444269355150313183, 0.1000000000000003109 ) ) ;
#3065 = AXIS2_PLACEMENT_3D ( 'NONE', #1989, #1454, #589 ) ;
#3066 = EDGE_LOOP ( 'NONE', ( #971, #3339, #1268, #3134 ) ) ;
#3067 = FACE_OUTER_BOUND ( 'NONE', #3131, .T. ) ;
#3068 = CIRCLE ( 'NONE', #3475, 0.1000239575862020974 ) ;
#3069 = CARTESIAN_POINT ( 'NONE',  ( 1.033947914506085919, 2.365925826289069889, -0.06000000000000001166 ) ) ;
#3070 = CARTESIAN_POINT ( 'NONE',  ( 0.9849581196504223479, 2.337641555041607866, -0.09999999999999983902 ) ) ;
#3071 = ORIENTED_EDGE ( 'NONE', *, *, #1981, .T. ) ;
#3072 = LINE ( 'NONE', #558, #1029 ) ;
#3073 = DIRECTION ( 'NONE',  ( 0.2588190451025196848, -0.9659258262890686453, 0.000000000000000000 ) ) ;
#3074 = ORIENTED_EDGE ( 'NONE', *, *, #318, .T. ) ;
#3075 = ORIENTED_EDGE ( 'NONE', *, *, #1589, .F. ) ;
#3076 = DIRECTION ( 'NONE',  ( 0.9659258262890689783, 0.2588190451025180194, -0.000000000000000000 ) ) ;
#3077 = DIRECTION ( 'NONE',  ( 0.000000000000000000, -0.000000000000000000, -1.000000000000000000 ) ) ;
#3078 = VECTOR ( 'NONE', #710, 39.37007874015748143 ) ;
#3079 = FACE_OUTER_BOUND ( 'NONE', #2122, .T. ) ;
#3080 = AXIS2_PLACEMENT_3D ( 'NONE', #498, #1358, #293 ) ;
#3081 = DIRECTION ( 'NONE',  ( 0.000000000000000000, -0.000000000000000000, 1.000000000000000000 ) ) ;
#3082 = DIRECTION ( 'NONE',  ( 0.000000000000000000, 0.000000000000000000, -1.000000000000000000 ) ) ;
#3083 = ORIENTED_EDGE ( 'NONE', *, *, #3006, .F. ) ;
#3084 = ORIENTED_EDGE ( 'NONE', *, *, #595, .F. ) ;
#3085 = DIRECTION ( 'NONE',  ( -0.9659258262890689783, -0.2588190451025181305, 0.000000000000000000 ) ) ;
#3086 = VECTOR ( 'NONE', #32, 39.37007874015748143 ) ;
#3087 = EDGE_CURVE ( 'NONE', #900, #1214, #3428, .T. ) ;
#3088 = DIRECTION ( 'NONE',  ( 0.000000000000000000, 0.000000000000000000, 1.000000000000000000 ) ) ;
#3089 = EDGE_CURVE ( 'NONE', #2575, #3209, #1510, .T. ) ;
#3090 = ORIENTED_EDGE ( 'NONE', *, *, #3492, .T. ) ;
#3091 = PLANE ( 'NONE',  #1561 ) ;
#3092 = DIRECTION ( 'NONE',  ( -0.000000000000000000, -0.000000000000000000, -1.000000000000000000 ) ) ;
#3093 = EDGE_CURVE ( 'NONE', #2780, #468, #3026, .T. ) ;
#3094 = ORIENTED_EDGE ( 'NONE', *, *, #3528, .T. ) ;
#3095 = DIRECTION ( 'NONE',  ( 0.2588190451025196848, -0.9659258262890686453, 0.000000000000000000 ) ) ;
#3096 = ADVANCED_FACE ( 'NONE', ( #3147 ), #2933, .T. ) ;
#3097 = LINE ( 'NONE', #1700, #340 ) ;
#3098 = DIRECTION ( 'NONE',  ( -0.9659258262890690894, -0.2588190451025180749, 0.000000000000000000 ) ) ;
#3099 = CARTESIAN_POINT ( 'NONE',  ( -0.5266625861051501545, 0.4727112067624931746, -0.09999999999999932554 ) ) ;
#3100 = ORIENTED_EDGE ( 'NONE', *, *, #1515, .F. ) ;
#3101 = EDGE_LOOP ( 'NONE', ( #2420, #3025, #290, #628 ) ) ;
#3102 = CARTESIAN_POINT ( 'NONE',  ( 0.000000000000000000, 0.04000000000000000083, 0.2999999999999999889 ) ) ;
#3103 = CARTESIAN_POINT ( 'NONE',  ( 1.044300676310186526, 2.404562859340632297, 0.2599999999999999534 ) ) ;
#3104 = ORIENTED_EDGE ( 'NONE', *, *, #1072, .T. ) ;
#3105 = ORIENTED_EDGE ( 'NONE', *, *, #2621, .F. ) ;
#3106 = EDGE_CURVE ( 'NONE', #1752, #869, #1729, .T. ) ;
#3107 = CARTESIAN_POINT ( 'NONE',  ( -0.2158415228850489032, 0.2399999999999999079, 0.2999999999999999889 ) ) ;
#3108 = DIRECTION ( 'NONE',  ( -0.9659258262890689783, 0.2588190451025181305, -0.000000000000000000 ) ) ;
#3109 = ADVANCED_FACE ( 'NONE', ( #2008 ), #2363, .T. ) ;
#3110 = VERTEX_POINT ( 'NONE', #2305 ) ;
#3111 = CIRCLE ( 'NONE', #1701, 0.03999999999999993838 ) ;
#3112 = VERTEX_POINT ( 'NONE', #2287 ) ;
#3113 = DIRECTION ( 'NONE',  ( 0.9659258262890690894, -0.2588190451025180749, -0.000000000000000000 ) ) ;
#3114 = VERTEX_POINT ( 'NONE', #2026 ) ;
#3115 = ADVANCED_FACE ( 'NONE', ( #411 ), #2896, .T. ) ;
#3116 = DIRECTION ( 'NONE',  ( -0.9659258262890690894, 0.2588190451025180749, 0.000000000000000000 ) ) ;
#3117 = CARTESIAN_POINT ( 'NONE',  ( -0.5163098243010494359, 0.4340741737109304887, 0.2599999999999999534 ) ) ;
#3118 = LINE ( 'NONE', #1137, #254 ) ;
#3119 = VERTEX_POINT ( 'NONE', #2615 ) ;
#3120 = ORIENTED_EDGE ( 'NONE', *, *, #2355, .F. ) ;
#3121 = DIRECTION ( 'NONE',  ( -0.2588190451025196848, 0.9659258262890686453, 0.000000000000000000 ) ) ;
#3122 = ADVANCED_FACE ( 'NONE', ( #3435 ), #3454, .T. ) ;
#3123 = DIRECTION ( 'NONE',  ( 0.2588190451025176864, -0.9659258262890692004, 0.000000000000000000 ) ) ;
#3124 = VECTOR ( 'NONE', #2006, 39.37007874015748854 ) ;
#3125 = ORIENTED_EDGE ( 'NONE', *, *, #398, .T. ) ;
#3126 = CARTESIAN_POINT ( 'NONE',  ( 0.4673200294453858650, 0.4057899024634684659, 0.2341890781625039497 ) ) ;
#3127 = CIRCLE ( 'NONE', #2714, 0.1999999999999999001 ) ;
#3128 = LINE ( 'NONE', #2064, #3578 ) ;
#3129 = DIMENSIONAL_EXPONENTS ( 1.000000000000000000, 0.000000000000000000, 0.000000000000000000, 0.000000000000000000, 0.000000000000000000, 0.000000000000000000, 0.000000000000000000 ) ;
#3130 = AXIS2_PLACEMENT_3D ( 'NONE', #222, #2773, #2167 ) ;
#3131 = EDGE_LOOP ( 'NONE', ( #2513, #283, #1696, #137 ) ) ;
#3132 = DIRECTION ( 'NONE',  ( -0.9659258262890690894, 0.2588190451025180749, 0.000000000000000000 ) ) ;
#3133 = CIRCLE ( 'NONE', #1550, 0.1000239575862020974 ) ;
#3134 = ORIENTED_EDGE ( 'NONE', *, *, #1909, .T. ) ;
#3135 = CYLINDRICAL_SURFACE ( 'NONE', #2475, 0.2000000000000000111 ) ;
#3136 = EDGE_CURVE ( 'NONE', #2318, #2908, #887, .T. ) ;
#3137 = LINE ( 'NONE', #36, #1427 ) ;
#3138 = LINE ( 'NONE', #1407, #2196 ) ;
#3139 = EDGE_CURVE ( 'NONE', #40, #1261, #2028, .T. ) ;
#3140 = ORIENTED_EDGE ( 'NONE', *, *, #1836, .T. ) ;
#3141 = VERTEX_POINT ( 'NONE', #615 ) ;
#3142 = AXIS2_PLACEMENT_3D ( 'NONE', #2528, #1692, #836 ) ;
#3143 = LINE ( 'NONE', #1778, #1615 ) ;
#3144 = CARTESIAN_POINT ( 'NONE',  ( 1.111620705755572258, 2.810352761804100208, 0.1000000000000000194 ) ) ;
#3145 = ORIENTED_EDGE ( 'NONE', *, *, #760, .F. ) ;
#3146 = VECTOR ( 'NONE', #2936, 39.37007874015748854 ) ;
#3147 = FACE_OUTER_BOUND ( 'NONE', #1742, .T. ) ;
#3148 = DIRECTION ( 'NONE',  ( 0.2588190451025180194, -0.9659258262890689783, 0.000000000000000000 ) ) ;
#3149 = EDGE_CURVE ( 'NONE', #1763, #3119, #382, .T. ) ;
#3150 = AXIS2_PLACEMENT_3D ( 'NONE', #3402, #1096, #1115 ) ;
#3151 = VERTEX_POINT ( 'NONE', #946 ) ;
#3152 = VECTOR ( 'NONE', #689, 39.37007874015748143 ) ;
#3153 = VERTEX_POINT ( 'NONE', #118 ) ;
#3154 = VECTOR ( 'NONE', #1632, 39.37007874015748854 ) ;
#3155 = LINE ( 'NONE', #2654, #507 ) ;
#3156 = ORIENTED_EDGE ( 'NONE', *, *, #1845, .T. ) ;
#3157 = SURFACE_SIDE_STYLE ('',( #1464 ) ) ;
#3158 = CARTESIAN_POINT ( 'NONE',  ( 0.9373553318771791210, 2.391807730799321519, 0.2341890781625032281 ) ) ;
#3159 = CARTESIAN_POINT ( 'NONE',  ( 0.9849581196504222369, 2.337641555041607422, -0.05999999999999984512 ) ) ;
#3160 = EDGE_CURVE ( 'NONE', #2412, #1241, #3490, .T. ) ;
#3161 = EDGE_LOOP ( 'NONE', ( #394, #1365, #2020, #3190 ) ) ;
#3162 = EDGE_LOOP ( 'NONE', ( #1922, #65, #410, #98 ) ) ;
#3163 = CARTESIAN_POINT ( 'NONE',  ( 1.098493929786631629, 2.606814834742186449, 0.09999999999999996392 ) ) ;
#3164 = CARTESIAN_POINT ( 'NONE',  ( -0.4673200294453859760, 0.4057899024634685770, 0.2999999999999999889 ) ) ;
#3165 = EDGE_CURVE ( 'NONE', #2282, #911, #2063, .T. ) ;
#3166 = ORIENTED_EDGE ( 'NONE', *, *, #2480, .F. ) ;
#3167 = DIRECTION ( 'NONE',  ( 0.2588190451025180194, 0.9659258262890689783, 0.000000000000000000 ) ) ;
#3168 = FACE_OUTER_BOUND ( 'NONE', #472, .T. ) ;
#3169 = EDGE_CURVE ( 'NONE', #3310, #2570, #1474, .T. ) ;
#3170 = LINE ( 'NONE', #655, #1422 ) ;
#3171 = EDGE_LOOP ( 'NONE', ( #217, #309, #1873, #3204 ) ) ;
#3172 = CARTESIAN_POINT ( 'NONE',  ( -1.150257738807135111, 2.799999999999999822, 0.1000000000000000194 ) ) ;
#3173 = EDGE_CURVE ( 'NONE', #2207, #1588, #2440, .T. ) ;
#3174 = VERTEX_POINT ( 'NONE', #138 ) ;
#3175 = FACE_OUTER_BOUND ( 'NONE', #3171, .T. ) ;
#3176 = CARTESIAN_POINT ( 'NONE',  ( 1.002706217405914924, 2.403878357602806215, 0.004144098666866550401 ) ) ;
#3177 = DIRECTION ( 'NONE',  ( -0.2588190451025196848, -0.9659258262890686453, 8.537024980200835623E-16 ) ) ;
#3178 = ORIENTED_EDGE ( 'NONE', *, *, #1526, .T. ) ;
#3179 = ORIENTED_EDGE ( 'NONE', *, *, #68, .T. ) ;
#3180 = VECTOR ( 'NONE', #1011, 39.37007874015748143 ) ;
#3181 = DIRECTION ( 'NONE',  ( -0.9659258262890690894, -0.2588190451025180749, 0.000000000000000000 ) ) ;
#3182 = FACE_OUTER_BOUND ( 'NONE', #131, .T. ) ;
#3183 = AXIS2_PLACEMENT_3D ( 'NONE', #2722, #2934, #140 ) ;
#3184 = DIRECTION ( 'NONE',  ( 0.2588190451025176864, -0.9659258262890692004, 0.000000000000000000 ) ) ;
#3185 = ORIENTED_EDGE ( 'NONE', *, *, #295, .F. ) ;
#3186 = DIRECTION ( 'NONE',  ( 0.2588190451025180194, 0.9659258262890689783, 0.000000000000000000 ) ) ;
#3187 = FACE_OUTER_BOUND ( 'NONE', #1736, .T. ) ;
#3188 = ORIENTED_EDGE ( 'NONE', *, *, #669, .F. ) ;
#3189 = AXIS2_PLACEMENT_3D ( 'NONE', #808, #1904, #3029 ) ;
#3190 = ORIENTED_EDGE ( 'NONE', *, *, #560, .F. ) ;
#3191 = PLANE ( 'NONE',  #3434 ) ;
#3192 = VECTOR ( 'NONE', #605, 39.37007874015748143 ) ;
#3193 = VERTEX_POINT ( 'NONE', #3222 ) ;
#3194 = VECTOR ( 'NONE', #3391, 39.37007874015748854 ) ;
#3195 = CARTESIAN_POINT ( 'NONE',  ( 0.2465346024042074091, 0.000000000000000000, 0.2999999999999999889 ) ) ;
#3196 = CARTESIAN_POINT ( 'NONE',  ( -0.4880255530535873576, 0.4830639685665940042, -0.09999999999999931166 ) ) ;
#3197 = CARTESIAN_POINT ( 'NONE',  ( -0.9477080936812799505, 2.430444763850883927, 0.2341890781625032281 ) ) ;
#3198 = ORIENTED_EDGE ( 'NONE', *, *, #2200, .F. ) ;
#3199 = EDGE_LOOP ( 'NONE', ( #645, #1282, #106, #2326 ) ) ;
#3200 = CARTESIAN_POINT ( 'NONE',  ( -0.9953108814545231775, 2.376278588093170274, 0.2999999999999999889 ) ) ;
#3201 = LINE ( 'NONE', #170, #1099 ) ;
#3202 = CARTESIAN_POINT ( 'NONE',  ( -0.9953108814545231775, 2.376278588093170274, 0.2599999999999999534 ) ) ;
#3203 = VECTOR ( 'NONE', #6, 39.37007874015748854 ) ;
#3204 = ORIENTED_EDGE ( 'NONE', *, *, #2141, .T. ) ;
#3205 = ADVANCED_FACE ( 'NONE', ( #2700 ), #1874, .F. ) ;
#3206 = DIRECTION ( 'NONE',  ( -1.000000000000000000, 0.000000000000000000, 0.000000000000000000 ) ) ;
#3207 = VECTOR ( 'NONE', #2319, 39.37007874015748143 ) ;
#3208 = AXIS2_PLACEMENT_3D ( 'NONE', #545, #3388, #3095 ) ;
#3209 = VERTEX_POINT ( 'NONE', #1290 ) ;
#3210 = CARTESIAN_POINT ( 'NONE',  ( -0.4517846860596510528, 0.3478112116348762717, 0.1000000000000003109 ) ) ;
#3211 = EDGE_CURVE ( 'NONE', #1256, #2606, #1890, .T. ) ;
#3212 = AXIS2_PLACEMENT_3D ( 'NONE', #3443, #933, #661 ) ;
#3213 = ORIENTED_EDGE ( 'NONE', *, *, #2237, .T. ) ;
#3214 = DIRECTION ( 'NONE',  ( 0.9659258262890689783, 0.2588190451025181305, -0.000000000000000000 ) ) ;
#3215 = DIRECTION ( 'NONE',  ( -0.9659258262890690894, -0.2588190451025180749, 0.000000000000000000 ) ) ;
#3216 = ADVANCED_FACE ( 'NONE', ( #2650 ), #3493, .T. ) ;
#3217 = ORIENTED_EDGE ( 'NONE', *, *, #2565, .T. ) ;
#3218 = ORIENTED_EDGE ( 'NONE', *, *, #1276, .F. ) ;
#3219 = DIRECTION ( 'NONE',  ( 0.2588190451025180749, -0.9659258262890689783, 8.537024980200826748E-16 ) ) ;
#3220 = LINE ( 'NONE', #1014, #1548 ) ;
#3221 = ORIENTED_EDGE ( 'NONE', *, *, #934, .T. ) ;
#3222 = CARTESIAN_POINT ( 'NONE',  ( -1.150257738807135111, 2.799999999999999822, 0.09999999999999996392 ) ) ;
#3223 = EDGE_CURVE ( 'NONE', #597, #1178, #2999, .T. ) ;
#3224 = VERTEX_POINT ( 'NONE', #985 ) ;
#3225 = FACE_OUTER_BOUND ( 'NONE', #1250, .T. ) ;
#3226 = EDGE_CURVE ( 'NONE', #2908, #2539, #1328, .T. ) ;
#3227 = ORIENTED_EDGE ( 'NONE', *, *, #187, .F. ) ;
#3228 = VECTOR ( 'NONE', #915, 39.37007874015748143 ) ;
#3229 = PLANE ( 'NONE',  #2211 ) ;
#3230 = DIRECTION ( 'NONE',  ( -0.9659258262890690894, 0.2588190451025180749, 0.000000000000000000 ) ) ;
#3231 = AXIS2_PLACEMENT_3D ( 'NONE', #229, #262, #1380 ) ;
#3232 = EDGE_LOOP ( 'NONE', ( #851, #995, #2703, #2619 ) ) ;
#3233 = ORIENTED_EDGE ( 'NONE', *, *, #278, .F. ) ;
#3234 = DIRECTION ( 'NONE',  ( -0.9659258262890690894, 0.2588190451025180749, 0.000000000000000000 ) ) ;
#3235 = LINE ( 'NONE', #1837, #2663 ) ;
#3236 = AXIS2_PLACEMENT_3D ( 'NONE', #942, #1727, #3184 ) ;
#3237 = VERTEX_POINT ( 'NONE', #427 ) ;
#3238 = DIRECTION ( 'NONE',  ( -0.2588190451025180194, 0.9659258262890689783, 0.000000000000000000 ) ) ;
#3239 = DIRECTION ( 'NONE',  ( -0.000000000000000000, -0.000000000000000000, -1.000000000000000000 ) ) ;
#3240 = ORIENTED_EDGE ( 'NONE', *, *, #234, .F. ) ;
#3241 = CARTESIAN_POINT ( 'NONE',  ( 0.2158415228850488754, 0.2399999999999999634, -0.2999999999999999889 ) ) ;
#3243 = EDGE_LOOP ( 'NONE', ( #1666, #264, #2090, #3565 ) ) ;
#3242 = VECTOR ( 'NONE', #3620, 39.37007874015748143 ) ;
#3244 = DIRECTION ( 'NONE',  ( -1.000000000000000000, 0.000000000000000000, 0.000000000000000000 ) ) ;
#3245 = ADVANCED_FACE ( 'NONE', ( #2105 ), #2418, .T. ) ;
#3246 = CIRCLE ( 'NONE', #2660, 0.03999999999999998695 ) ;
#3247 = CARTESIAN_POINT ( 'NONE',  ( -1.111620705755572258, 2.810352761804100208, 0.1000000000000000194 ) ) ;
#3248 = EDGE_CURVE ( 'NONE', #1015, #3307, #561, .T. ) ;
#3249 = EDGE_LOOP ( 'NONE', ( #746, #3322, #347, #1973 ) ) ;
#3250 = CYLINDRICAL_SURFACE ( 'NONE', #2295, 0.03999999999999993838 ) ;
#3251 = EDGE_LOOP ( 'NONE', ( #3551, #3636, #1091, #687 ) ) ;
#3252 = CARTESIAN_POINT ( 'NONE',  ( -0.4517846860596510528, 0.3478112116348762717, 0.1000000000000003109 ) ) ;
#3253 = EDGE_CURVE ( 'NONE', #2321, #3546, #1788, .T. ) ;
#3254 = DIRECTION ( 'NONE',  ( 0.000000000000000000, 0.000000000000000000, 1.000000000000000000 ) ) ;
#3255 = VERTEX_POINT ( 'NONE', #1309 ) ;
#3256 = DIRECTION ( 'NONE',  ( 0.2588190451025180749, -0.9659258262890689783, 0.000000000000000000 ) ) ;
#3257 = ORIENTED_EDGE ( 'NONE', *, *, #1694, .T. ) ;
#3258 = DIRECTION ( 'NONE',  ( -0.2588190451025180749, -0.9659258262890689783, 0.000000000000000000 ) ) ;
#3259 = AXIS2_PLACEMENT_3D ( 'NONE', #1935, #3623, #1111 ) ;
#3260 = ADVANCED_FACE ( 'NONE', ( #2401 ), #1034, .F. ) ;
#3261 = ORIENTED_EDGE ( 'NONE', *, *, #780, .F. ) ;
#3262 = CYLINDRICAL_SURFACE ( 'NONE', #2395, 0.03999999999999993838 ) ;
#3263 = AXIS2_PLACEMENT_3D ( 'NONE', #2123, #1311, #1570 ) ;
#3264 = CYLINDRICAL_SURFACE ( 'NONE', #2191, 0.1999999999999999001 ) ;
#3265 = EDGE_CURVE ( 'NONE', #142, #308, #1529, .T. ) ;
#3266 = ORIENTED_EDGE ( 'NONE', *, *, #1321, .F. ) ;
#3267 = DIRECTION ( 'NONE',  ( 0.2588190451025181860, -0.9659258262890689783, 0.000000000000000000 ) ) ;
#3268 = DIRECTION ( 'NONE',  ( 0.2588190451025196848, -0.9659258262890686453, 0.000000000000000000 ) ) ;
#3269 = CARTESIAN_POINT ( 'NONE',  ( 0.4880255530535875241, 0.4830639685665943928, -0.09999999999999931166 ) ) ;
#3270 = ADVANCED_FACE ( 'NONE', ( #2966 ), #444, .T. ) ;
#3271 = VERTEX_POINT ( 'NONE', #743 ) ;
#3272 = CARTESIAN_POINT ( 'NONE',  ( 0.4776727912494866390, 0.4444269355150313183, 0.1000000000000003109 ) ) ;
#3273 = EDGE_CURVE ( 'NONE', #880, #3618, #2434, .T. ) ;
#3274 = ORIENTED_EDGE ( 'NONE', *, *, #3139, .F. ) ;
#3275 = CARTESIAN_POINT ( 'NONE',  ( 1.033947914506085919, 2.365925826289069889, -0.03418907816250395942 ) ) ;
#3276 = CARTESIAN_POINT ( 'NONE',  ( 0.2158415228850488754, 0.04000000000000000083, 0.2999999999999999889 ) ) ;
#3277 = ORIENTED_EDGE ( 'NONE', *, *, #1589, .T. ) ;
#3278 = EDGE_CURVE ( 'NONE', #517, #2100, #976, .T. ) ;
#3279 = LINE ( 'NONE', #767, #42 ) ;
#3280 = EDGE_CURVE ( 'NONE', #320, #1496, #2721, .T. ) ;
#3281 = DIRECTION ( 'NONE',  ( 0.000000000000000000, 0.000000000000000000, -1.000000000000000000 ) ) ;
#3282 = ORIENTED_EDGE ( 'NONE', *, *, #2108, .F. ) ;
#3283 = FACE_OUTER_BOUND ( 'NONE', #2101, .T. ) ;
#3284 = DIRECTION ( 'NONE',  ( 0.9659258262890689783, 0.2588190451025180194, -0.000000000000000000 ) ) ;
#3285 = CARTESIAN_POINT ( 'NONE',  ( 0.4517846860596510528, 0.3478112116348762717, 0.1000000000000003109 ) ) ;
#3286 = AXIS2_PLACEMENT_3D ( 'NONE', #3455, #2598, #675 ) ;
#3287 = ORIENTED_EDGE ( 'NONE', *, *, #295, .T. ) ;
#3288 = ORIENTED_EDGE ( 'NONE', *, *, #876, .F. ) ;
#3289 = CARTESIAN_POINT ( 'NONE',  ( -1.098493929786631629, 2.606814834742186449, 0.2999999999999999889 ) ) ;
#3290 = CARTESIAN_POINT ( 'NONE',  ( -1.098493929786631851, 2.606814834742187781, -0.3000000000000002665 ) ) ;
#3291 = VERTEX_POINT ( 'NONE', #2171 ) ;
#3292 = CARTESIAN_POINT ( 'NONE',  ( 1.033947914506085919, 2.365925826289069889, 0.2999999999999999889 ) ) ;
#3293 = CARTESIAN_POINT ( 'NONE',  ( 1.005663643258623674, 2.414915621144733127, 0.2341890781625032281 ) ) ;
#3294 = AXIS2_PLACEMENT_3D ( 'NONE', #157, #2419, #3531 ) ;
#3295 = VERTEX_POINT ( 'NONE', #3289 ) ;
#3296 = DIRECTION ( 'NONE',  ( -0.2588190451025176864, -0.9659258262890692004, 1.707404996040165152E-15 ) ) ;
#3297 = DIRECTION ( 'NONE',  ( 0.000000000000000000, 0.000000000000000000, 1.000000000000000000 ) ) ;
#3298 = DIRECTION ( 'NONE',  ( -0.2588190451025196848, -0.9659258262890686453, 0.000000000000000000 ) ) ;
#3299 = CARTESIAN_POINT ( 'NONE',  ( -0.4673200294453858650, 0.4057899024634684659, 0.2341890781625039497 ) ) ;
#3300 = LINE ( 'NONE', #793, #2016 ) ;
#3301 = EDGE_CURVE ( 'NONE', #1214, #1496, #1089, .T. ) ;
#3302 = AXIS2_PLACEMENT_3D ( 'NONE', #2978, #997, #3488 ) ;
#3303 = AXIS2_PLACEMENT_3D ( 'NONE', #3033, #515, #3595 ) ;
#3304 = ORIENTED_EDGE ( 'NONE', *, *, #130, .F. ) ;
#3305 = PLANE ( 'NONE',  #856 ) ;
#3306 = CARTESIAN_POINT ( 'NONE',  ( 1.002706217405914924, 2.403878357602806215, 0.004144098666866550401 ) ) ;
#3307 = VERTEX_POINT ( 'NONE', #2740 ) ;
#3308 = CARTESIAN_POINT ( 'NONE',  ( 1.044300676310186526, 2.404562859340632297, 0.2341890781625032281 ) ) ;
#3309 = DIRECTION ( 'NONE',  ( 0.2588190451025196848, -0.9659258262890686453, 0.000000000000000000 ) ) ;
#3310 = VERTEX_POINT ( 'NONE', #2470 ) ;
#3311 = VECTOR ( 'NONE', #999, 39.37007874015748143 ) ;
#3312 = CARTESIAN_POINT ( 'NONE',  ( 0.4776727912494866390, 0.4444269355150312628, 0.2341890781625039497 ) ) ;
#3313 = DIRECTION ( 'NONE',  ( -0.2588190451025180749, -0.9659258262890689783, 0.000000000000000000 ) ) ;
#3314 = VECTOR ( 'NONE', #1375, 39.37007874015748854 ) ;
#3315 = CIRCLE ( 'NONE', #329, 0.03999999999999998695 ) ;
#3316 = PLANE ( 'NONE',  #2818 ) ;
#3317 = DIRECTION ( 'NONE',  ( 1.000000000000000000, 0.000000000000000000, 0.000000000000000000 ) ) ;
#3318 = ADVANCED_FACE ( 'NONE', ( #3067 ), #274, .F. ) ;
#3319 = CARTESIAN_POINT ( 'NONE',  ( 0.5163098243010494359, 0.4340741737109304887, -0.05999999999999931777 ) ) ;
#3320 = AXIS2_PLACEMENT_3D ( 'NONE', #2462, #3572, #3590 ) ;
#3321 = CIRCLE ( 'NONE', #2682, 0.03999999999999998695 ) ;
#3322 = ORIENTED_EDGE ( 'NONE', *, *, #2828, .T. ) ;
#3323 = CARTESIAN_POINT ( 'NONE',  ( 0.5059570624969486063, 0.3954371406593677474, 0.2341890781625039497 ) ) ;
#3324 = LINE ( 'NONE', #1619, #2428 ) ;
#3325 = ORIENTED_EDGE ( 'NONE', *, *, #3106, .F. ) ;
#3326 = CARTESIAN_POINT ( 'NONE',  ( 0.9953108814545228444, 2.376278588093169830, 0.09999999999999970024 ) ) ;
#3327 = CARTESIAN_POINT ( 'NONE',  ( -0.4197172416721425825, 0.4599560782211822851, 0.2341890781625039497 ) ) ;
#3328 = EDGE_CURVE ( 'NONE', #1704, #686, #3582, .T. ) ;
#3329 = VERTEX_POINT ( 'NONE', #256 ) ;
#3330 = DIRECTION ( 'NONE',  ( 0.2588190451025176864, -0.9659258262890692004, 0.000000000000000000 ) ) ;
#3331 = CARTESIAN_POINT ( 'NONE',  ( 1.033947914506085919, 2.365925826289069445, 0.2599999999999999534 ) ) ;
#3332 = CARTESIAN_POINT ( 'NONE',  ( -0.2158415228850489032, 0.2399999999999999079, 0.2999999999999999889 ) ) ;
#3333 = CARTESIAN_POINT ( 'NONE',  ( 0.9270025700730784024, 2.353170697747758666, -0.05999999999999984512 ) ) ;
#3334 = LINE ( 'NONE', #3013, #489 ) ;
#3335 = ORIENTED_EDGE ( 'NONE', *, *, #2361, .T. ) ;
#3336 = CARTESIAN_POINT ( 'NONE',  ( 0.9953108814545228444, 2.376278588093170274, -0.05999999999999987288 ) ) ;
#3337 = DIRECTION ( 'NONE',  ( 0.2588190451025181305, 0.9659258262890689783, -0.000000000000000000 ) ) ;
#3338 = VECTOR ( 'NONE', #3092, 39.37007874015748143 ) ;
#3339 = ORIENTED_EDGE ( 'NONE', *, *, #166, .F. ) ;
#3340 = CARTESIAN_POINT ( 'NONE',  ( -0.4397197676620212548, 0.1482361909794963906, -0.2999999999999999889 ) ) ;
#3341 = DIRECTION ( 'NONE',  ( 0.2588190451025176864, 0.9659258262890692004, 0.000000000000000000 ) ) ;
#3342 = EDGE_LOOP ( 'NONE', ( #162, #3075, #1679, #2595 ) ) ;
#3343 = ORIENTED_EDGE ( 'NONE', *, *, #1248, .F. ) ;
#3344 = AXIS2_PLACEMENT_3D ( 'NONE', #992, #3215, #2052 ) ;
#3345 = CARTESIAN_POINT ( 'NONE',  ( 0.000000000000000000, 0.04000000000000000083, -0.2999999999999999889 ) ) ;
#3346 = CARTESIAN_POINT ( 'NONE',  ( -0.4776727912494866390, 0.4444269355150313183, 0.1000000000000003109 ) ) ;
#3347 = ADVANCED_FACE ( 'NONE', ( #2523 ), #554, .F. ) ;
#3348 = LINE ( 'NONE', #325, #416 ) ;
#3349 = CARTESIAN_POINT ( 'NONE',  ( 0.3613629669484372253, 0.01035276180410072376, -0.2999999999999999889 ) ) ;
#3350 = LINE ( 'NONE', #2866, #903 ) ;
#3351 = ADVANCED_FACE ( 'NONE', ( #1121 ), #831, .F. ) ;
#3352 = CIRCLE ( 'NONE', #2125, 0.03999999999999993838 ) ;
#3353 = ORIENTED_EDGE ( 'NONE', *, *, #3093, .T. ) ;
#3354 = EDGE_LOOP ( 'NONE', ( #3363, #1776, #830, #1686 ) ) ;
#3355 = DIRECTION ( 'NONE',  ( -0.9659258262890690894, -0.2588190451025180749, 0.000000000000000000 ) ) ;
#3356 = EDGE_CURVE ( 'NONE', #2586, #2251, #1911, .T. ) ;
#3357 = LINE ( 'NONE', #2266, #2898 ) ;
#3358 = VECTOR ( 'NONE', #3082, 39.37007874015748143 ) ;
#3359 = DIRECTION ( 'NONE',  ( -0.9659258262890689783, 0.2588190451025181305, -0.000000000000000000 ) ) ;
#3360 = VERTEX_POINT ( 'NONE', #2810 ) ;
#3361 = DIRECTION ( 'NONE',  ( 0.000000000000000000, 0.000000000000000000, 1.000000000000000000 ) ) ;
#3362 = FACE_OUTER_BOUND ( 'NONE', #3439, .T. ) ;
#3363 = ORIENTED_EDGE ( 'NONE', *, *, #2193, .F. ) ;
#3364 = ORIENTED_EDGE ( 'NONE', *, *, #1167, .T. ) ;
#3365 = LINE ( 'NONE', #3609, #694 ) ;
#3366 = ADVANCED_FACE ( 'NONE', ( #1635 ), #3305, .T. ) ;
#3367 = AXIS2_PLACEMENT_3D ( 'NONE', #1493, #1183, #3186 ) ;
#3368 = CYLINDRICAL_SURFACE ( 'NONE', #1925, 0.03999999999999993838 ) ;
#3369 = VECTOR ( 'NONE', #940, 39.37007874015748854 ) ;
#3370 = LINE ( 'NONE', #1702, #1467 ) ;
#3371 = DIRECTION ( 'NONE',  ( 0.000000000000000000, -1.000000000000000000, 0.000000000000000000 ) ) ;
#3372 = EDGE_CURVE ( 'NONE', #468, #2775, #3553, .T. ) ;
#3373 = CIRCLE ( 'NONE', #627, 0.2000000000000000111 ) ;
#3374 = VERTEX_POINT ( 'NONE', #1344 ) ;
#3375 = EDGE_LOOP ( 'NONE', ( #2932, #399, #2388, #3198 ) ) ;
#3376 = CARTESIAN_POINT ( 'NONE',  ( -1.059856896735068776, 2.617167596546287278, 0.2999999999999999889 ) ) ;
#3377 = ADVANCED_FACE ( 'NONE', ( #1140 ), #518, .T. ) ;
#3378 = DIRECTION ( 'NONE',  ( -0.9659258262890689783, -0.2588190451025180194, 0.000000000000000000 ) ) ;
#3379 = LINE ( 'NONE', #3070, #1626 ) ;
#3380 = ORIENTED_EDGE ( 'NONE', *, *, #2845, .T. ) ;
#3381 = VECTOR ( 'NONE', #1090, 39.37007874015748854 ) ;
#3382 = DIRECTION ( 'NONE',  ( -0.2588190451025188521, 0.9659258262890688673, 0.000000000000000000 ) ) ;
#3383 = CYLINDRICAL_SURFACE ( 'NONE', #2537, 0.04000000000000020206 ) ;
#3384 = EDGE_CURVE ( 'NONE', #2318, #3360, #1411, .T. ) ;
#3385 = DIMENSIONAL_EXPONENTS ( 1.000000000000000000, 0.000000000000000000, 0.000000000000000000, 0.000000000000000000, 0.000000000000000000, 0.000000000000000000, 0.000000000000000000 ) ;
#3386 = DIRECTION ( 'NONE',  ( -0.000000000000000000, -0.000000000000000000, 1.000000000000000000 ) ) ;
#3387 = ORIENTED_EDGE ( 'NONE', *, *, #1148, .T. ) ;
#3388 = DIRECTION ( 'NONE',  ( -0.9659258262890690894, -0.2588190451025180749, 0.000000000000000000 ) ) ;
#3389 = CARTESIAN_POINT ( 'NONE',  ( -1.033947914506085919, 2.365925826289069889, -0.06000000000000001166 ) ) ;
#3390 = LINE ( 'NONE', #878, #3228 ) ;
#3391 = DIRECTION ( 'NONE',  ( 0.9659258262890687563, 0.2588190451025187966, 0.000000000000000000 ) ) ;
#3392 = ORIENTED_EDGE ( 'NONE', *, *, #1831, .T. ) ;
#3393 = ORIENTED_EDGE ( 'NONE', *, *, #3579, .T. ) ;
#3394 = CARTESIAN_POINT ( 'NONE',  ( 1.002706217405914924, 2.403878357602806215, 0.004144098666866550401 ) ) ;
#3395 = LINE ( 'NONE', #902, #2953 ) ;
#3396 = ORIENTED_EDGE ( 'NONE', *, *, #650, .F. ) ;
#3397 = FACE_OUTER_BOUND ( 'NONE', #621, .T. ) ;
#3398 = DIRECTION ( 'NONE',  ( -1.000000000000000000, 0.000000000000000000, 0.000000000000000000 ) ) ;
#3399 = EDGE_CURVE ( 'NONE', #2570, #1343, #2917, .T. ) ;
#3400 = AXIS2_PLACEMENT_3D ( 'NONE', #184, #1354, #2482 ) ;
#3401 = ORIENTED_EDGE ( 'NONE', *, *, #2845, .F. ) ;
#3402 = CARTESIAN_POINT ( 'NONE',  ( 1.044300676310186526, 2.404562859340632297, -0.03418907816250382065 ) ) ;
#3403 = ORIENTED_EDGE ( 'NONE', *, *, #3399, .T. ) ;
#3404 = DIRECTION ( 'NONE',  ( 0.2588190451025180194, 0.9659258262890689783, -2.731847993664262232E-16 ) ) ;
#3405 = DIRECTION ( 'NONE',  ( 0.000000000000000000, 0.000000000000000000, -1.000000000000000000 ) ) ;
#3406 = DIRECTION ( 'NONE',  ( 0.9659258262890690894, 0.2588190451025180749, -0.000000000000000000 ) ) ;
#3407 = ORIENTED_EDGE ( 'NONE', *, *, #19, .F. ) ;
#3408 = ORIENTED_EDGE ( 'NONE', *, *, #120, .F. ) ;
#3409 = FACE_OUTER_BOUND ( 'NONE', #2819, .T. ) ;
#3410 = ADVANCED_FACE ( 'NONE', ( #1931 ), #3051, .F. ) ;
#3411 = PLANE ( 'NONE',  #2656 ) ;
#3412 = VECTOR ( 'NONE', #832, 39.37007874015748143 ) ;
#3413 = ORIENTED_EDGE ( 'NONE', *, *, #105, .T. ) ;
#3414 = CARTESIAN_POINT ( 'NONE',  ( 0.000000000000000000, 0.000000000000000000, -0.2999999999999999889 ) ) ;
#3415 = AXIS2_PLACEMENT_3D ( 'NONE', #596, #3386, #48 ) ;
#3416 = DIRECTION ( 'NONE',  ( -0.2588190451025180194, -0.9659258262890689783, 0.000000000000000000 ) ) ;
#3417 = ORIENTED_EDGE ( 'NONE', *, *, #807, .T. ) ;
#3418 = CIRCLE ( 'NONE', #3302, 0.1999999999999999001 ) ;
#3419 = ORIENTED_EDGE ( 'NONE', *, *, #937, .T. ) ;
#3420 = DIRECTION ( 'NONE',  ( 0.000000000000000000, 0.000000000000000000, 1.000000000000000000 ) ) ;
#3421 = ORIENTED_EDGE ( 'NONE', *, *, #3253, .F. ) ;
#3422 = DIRECTION ( 'NONE',  ( 7.070542890854142283E-17, -2.638762530576288081E-16, -1.000000000000000000 ) ) ;
#3423 = DIRECTION ( 'NONE',  ( -0.2588190451025176864, -0.9659258262890692004, 0.000000000000000000 ) ) ;
#3424 = DIRECTION ( 'NONE',  ( 0.2588190451025180749, -0.9659258262890689783, 0.000000000000000000 ) ) ;
#3425 = EDGE_CURVE ( 'NONE', #1249, #203, #2226, .T. ) ;
#3426 = ORIENTED_EDGE ( 'NONE', *, *, #2769, .F. ) ;
#3427 = ORIENTED_EDGE ( 'NONE', *, *, #286, .T. ) ;
#3428 = CIRCLE ( 'NONE', #2204, 0.03999999999999993838 ) ;
#3429 = EDGE_CURVE ( 'NONE', #2199, #3485, #385, .T. ) ;
#3430 = DIRECTION ( 'NONE',  ( -0.2588190451025180194, -0.9659258262890689783, 0.000000000000000000 ) ) ;
#3431 = CARTESIAN_POINT ( 'NONE',  ( 0.4397197676620212548, 0.1482361909794963906, -0.2999999999999999889 ) ) ;
#3432 = EDGE_CURVE ( 'NONE', #2712, #1912, #1687, .T. ) ;
#3433 = VERTEX_POINT ( 'NONE', #2504 ) ;
#3434 = AXIS2_PLACEMENT_3D ( 'NONE', #358, #1479, #85 ) ;
#3435 = FACE_OUTER_BOUND ( 'NONE', #3161, .T. ) ;
#3436 = ADVANCED_FACE ( 'NONE', ( #1949 ), #1432, .F. ) ;
#3437 = DIRECTION ( 'NONE',  ( -0.2588190451025180749, -0.9659258262890689783, 0.000000000000000000 ) ) ;
#3438 = ORIENTED_EDGE ( 'NONE', *, *, #2702, .T. ) ;
#3439 = EDGE_LOOP ( 'NONE', ( #102, #1958, #390, #1918, #1541, #2968, #2056, #301, #919, #1895, #920, #948, #3457, #1171, #97, #1627, #1516, #2383, #2602, #742, #676, #2132, #2680 ) ) ;
#3440 = AXIS2_PLACEMENT_3D ( 'NONE', #960, #3487, #706 ) ;
#3441 = DIRECTION ( 'NONE',  ( 0.000000000000000000, -0.000000000000000000, -1.000000000000000000 ) ) ;
#3442 = ORIENTED_EDGE ( 'NONE', *, *, #166, .T. ) ;
#3443 = CARTESIAN_POINT ( 'NONE',  ( -1.111620705755572258, 2.810352761804100208, 0.2999999999999999889 ) ) ;
#3444 = CIRCLE ( 'NONE', #1571, 0.03999999999999993838 ) ;
#3445 = CYLINDRICAL_SURFACE ( 'NONE', #233, 0.1999999999999999278 ) ;
#3446 = LINE ( 'NONE', #1830, #1313 ) ;
#3447 = ORIENTED_EDGE ( 'NONE', *, *, #1562, .T. ) ;
#3448 = VERTEX_POINT ( 'NONE', #2358 ) ;
#3449 = FACE_OUTER_BOUND ( 'NONE', #2407, .T. ) ;
#3450 = DIRECTION ( 'NONE',  ( -0.9659258262890689783, -0.2588190451025181305, -0.000000000000000000 ) ) ;
#3451 = CARTESIAN_POINT ( 'NONE',  ( -1.023595152701985089, 2.327288793237507036, -0.05999999999999984512 ) ) ;
#3452 = UNCERTAINTY_MEASURE_WITH_UNIT (LENGTH_MEASURE( 1.000000000000000082E-05 ), #2371, 'distance_accuracy_value', 'NONE');
#3453 = VERTEX_POINT ( 'NONE', #113 ) ;
#3454 = CYLINDRICAL_SURFACE ( 'NONE', #741, 0.1999999999999999278 ) ;
#3455 = CARTESIAN_POINT ( 'NONE',  ( 0.3613629669484372253, 0.01035276180410061794, -0.09999999999999917288 ) ) ;
#3456 = CARTESIAN_POINT ( 'NONE',  ( -1.044300676310186526, 2.404562859340632297, 0.2999999999999999889 ) ) ;
#3457 = ORIENTED_EDGE ( 'NONE', *, *, #1054, .T. ) ;
#3458 = DIRECTION ( 'NONE',  ( 0.000000000000000000, -1.000000000000000000, 0.000000000000000000 ) ) ;
#3459 = VECTOR ( 'NONE', #2009, 39.37007874015748854 ) ;
#3460 = ORIENTED_EDGE ( 'NONE', *, *, #3432, .T. ) ;
#3461 = CARTESIAN_POINT ( 'NONE',  ( -0.2158415228850488476, 8.537024980200822558E-18, 0.2999999999999999889 ) ) ;
#3462 = CARTESIAN_POINT ( 'NONE',  ( -0.7252888490297455526, 2.706814834742185205, -0.09999999999999996392 ) ) ;
#3463 = CARTESIAN_POINT ( 'NONE',  ( -0.1327519817400604207, 0.4954371406593668370, 0.2999999999999999889 ) ) ;
#3464 = EDGE_CURVE ( 'NONE', #3151, #1214, #1452, .T. ) ;
#3465 = VERTEX_POINT ( 'NONE', #2004 ) ;
#3466 = EDGE_LOOP ( 'NONE', ( #1382, #177, #1074, #534 ) ) ;
#3467 = CARTESIAN_POINT ( 'NONE',  ( -0.9270025700730784024, 2.353170697747758666, -0.05999999999999984512 ) ) ;
#3468 = CARTESIAN_POINT ( 'NONE',  ( 0.5266625861051501545, 0.4727112067624937297, -0.09999999999999945044 ) ) ;
#3469 = VECTOR ( 'NONE', #3474, 39.37007874015748854 ) ;
#3470 = CARTESIAN_POINT ( 'NONE',  ( 0.9849581196504223479, 2.337641555041607866, -0.09999999999999983902 ) ) ;
#3471 = ADVANCED_FACE ( 'NONE', ( #2829 ), #2283, .F. ) ;
#3472 = EDGE_LOOP ( 'NONE', ( #1728, #86, #2609, #3036 ) ) ;
#3473 = CARTESIAN_POINT ( 'NONE',  ( 0.9953108814545228444, 2.376278588093170274, 0.2999999999999999889 ) ) ;
#3474 = DIRECTION ( 'NONE',  ( 0.9659258262890689783, 0.2588190451025180194, -0.000000000000000000 ) ) ;
#3475 = AXIS2_PLACEMENT_3D ( 'NONE', #1941, #824, #1646 ) ;
#3476 = ORIENTED_EDGE ( 'NONE', *, *, #770, .F. ) ;
#3477 = CYLINDRICAL_SURFACE ( 'NONE', #1914, 0.03999999999999998695 ) ;
#3478 = EDGE_CURVE ( 'NONE', #1234, #586, #1151, .T. ) ;
#3479 = ORIENTED_EDGE ( 'NONE', *, *, #1463, .F. ) ;
#3480 = CIRCLE ( 'NONE', #25, 0.2000000000000000111 ) ;
#3481 = CYLINDRICAL_SURFACE ( 'NONE', #1281, 0.03999999999999993838 ) ;
#3482 = CYLINDRICAL_SURFACE ( 'NONE', #714, 0.03999999999999998695 ) ;
#3483 = FACE_OUTER_BOUND ( 'NONE', #3249, .T. ) ;
#3484 = EDGE_LOOP ( 'NONE', ( #2947, #192, #2307, #1938 ) ) ;
#3485 = VERTEX_POINT ( 'NONE', #610 ) ;
#3486 = LINE ( 'NONE', #2080, #2861 ) ;
#3487 = DIRECTION ( 'NONE',  ( 0.000000000000000000, -1.000000000000000000, 0.000000000000000000 ) ) ;
#3488 = DIRECTION ( 'NONE',  ( 0.2588190451025180749, -0.9659258262890689783, 0.000000000000000000 ) ) ;
#3489 = ADVANCED_FACE ( 'NONE', ( #1471 ), #1217, .T. ) ;
#3490 = CIRCLE ( 'NONE', #622, 0.2000000000000000389 ) ;
#3491 = ORIENTED_EDGE ( 'NONE', *, *, #886, .F. ) ;
#3492 = EDGE_CURVE ( 'NONE', #733, #1478, #2870, .T. ) ;
#3493 = PLANE ( 'NONE',  #2264 ) ;
#3494 = FILL_AREA_STYLE_COLOUR ( '', #1070 ) ;
#3495 = AXIS2_PLACEMENT_3D ( 'NONE', #3163, #1161, #41 ) ;
#3496 = VECTOR ( 'NONE', #3420, 39.37007874015748143 ) ;
#3497 = ORIENTED_EDGE ( 'NONE', *, *, #412, .T. ) ;
#3498 = CYLINDRICAL_SURFACE ( 'NONE', #38, 0.1999999999999999001 ) ;
#3499 = ADVANCED_FACE ( 'NONE', ( #310 ), #366, .T. ) ;
#3500 = VECTOR ( 'NONE', #1209, 39.37007874015748143 ) ;
#3501 = ORIENTED_EDGE ( 'NONE', *, *, #1582, .F. ) ;
#3502 = CARTESIAN_POINT ( 'NONE',  ( 0.000000000000000000, 0.04000000000000000083, -0.2999999999999999889 ) ) ;
#3503 = CARTESIAN_POINT ( 'NONE',  ( 0.4673200294453858650, 0.4057899024634684659, 0.2599999999999999534 ) ) ;
#3504 = EDGE_CURVE ( 'NONE', #3255, #2207, #76, .T. ) ;
#3505 = ORIENTED_EDGE ( 'NONE', *, *, #52, .T. ) ;
#3506 = VERTEX_POINT ( 'NONE', #1760 ) ;
#3507 = CARTESIAN_POINT ( 'NONE',  ( 0.5163098243010494359, 0.4340741737109306553, 0.2599999999999999534 ) ) ;
#3508 = DIRECTION ( 'NONE',  ( 0.2588190451025181860, 0.9659258262890689783, 0.000000000000000000 ) ) ;
#3509 = EDGE_LOOP ( 'NONE', ( #709, #1659, #3413, #2614, #1106, #3438, #3393, #958, #1948, #159, #121, #1673, #3217, #864, #1125, #3213, #544, #2262, #868, #2436, #3417, #2881, #1068 ) ) ;
#3510 = CARTESIAN_POINT ( 'NONE',  ( -0.3613629669484372253, 0.01035276180410072376, -0.2999999999999999889 ) ) ;
#3511 = LINE ( 'NONE', #2701, #603 ) ;
#3512 = EDGE_CURVE ( 'NONE', #320, #2812, #2149, .T. ) ;
#3513 = ORIENTED_EDGE ( 'NONE', *, *, #555, .F. ) ;
#3514 = CARTESIAN_POINT ( 'NONE',  ( 1.033947914506085919, 2.365925826289069889, 0.2341890781625032003 ) ) ;
#3515 = EDGE_CURVE ( 'NONE', #2812, #1513, #2610, .T. ) ;
#3516 = ORIENTED_EDGE ( 'NONE', *, *, #1370, .F. ) ;
#3517 = CIRCLE ( 'NONE', #1937, 0.03999999999999998695 ) ;
#3518 = LINE ( 'NONE', #1299, #2566 ) ;
#3519 = EDGE_CURVE ( 'NONE', #2318, #924, #3143, .T. ) ;
#3520 = FACE_OUTER_BOUND ( 'NONE', #74, .T. ) ;
#3521 = VECTOR ( 'NONE', #1794, 39.37007874015748854 ) ;
#3522 = ORIENTED_EDGE ( 'NONE', *, *, #2495, .F. ) ;
#3523 = DIRECTION ( 'NONE',  ( -0.2588190451025176864, -0.9659258262890692004, 0.000000000000000000 ) ) ;
#3524 = ORIENTED_EDGE ( 'NONE', *, *, #3601, .F. ) ;
#3525 = CYLINDRICAL_SURFACE ( 'NONE', #2957, 0.1000239575862020835 ) ;
#3526 = CARTESIAN_POINT ( 'NONE',  ( 0.4197172416721426380, 0.4599560782211824517, 0.1000000000000003109 ) ) ;
#3527 = CIRCLE ( 'NONE', #1302, 0.03999999999999993838 ) ;
#3528 = EDGE_CURVE ( 'NONE', #154, #1695, #1442, .T. ) ;
#3529 = EDGE_LOOP ( 'NONE', ( #3261, #2970, #9, #2362 ) ) ;
#3530 = CARTESIAN_POINT ( 'NONE',  ( 0.3613629669484372253, 0.01035276180410072376, 0.2999999999999999889 ) ) ;
#3531 = DIRECTION ( 'NONE',  ( 0.2588190451025175198, -0.9659258262890690894, 0.000000000000000000 ) ) ;
#3532 = UNCERTAINTY_MEASURE_WITH_UNIT (LENGTH_MEASURE( 1.000000000000000082E-05 ), #2744, 'distance_accuracy_value', 'NONE');
#3533 = ORIENTED_EDGE ( 'NONE', *, *, #3372, .T. ) ;
#3534 = DIRECTION ( 'NONE',  ( 0.2588190451025180194, -0.9659258262890689783, 0.000000000000000000 ) ) ;
#3535 = ADVANCED_FACE ( 'NONE', ( #3409 ), #901, .T. ) ;
#3537 = ORIENTED_EDGE ( 'NONE', *, *, #3579, .F. ) ;
#3536 = AXIS2_PLACEMENT_3D ( 'NONE', #1472, #2594, #922 ) ;
#3538 = CARTESIAN_POINT ( 'NONE',  ( -1.005663643258623674, 2.414915621144733127, 0.2999999999999999889 ) ) ;
#3539 = ADVANCED_FACE ( 'NONE', ( #921 ), #2041, .T. ) ;
#3540 = DIRECTION ( 'NONE',  ( 0.2588190451025176864, -0.9659258262890692004, 1.814117808292675425E-15 ) ) ;
#3541 = ORIENTED_EDGE ( 'NONE', *, *, #3000, .T. ) ;
#3542 = CARTESIAN_POINT ( 'NONE',  ( -0.5163098243010494359, 0.4340741737109306553, 0.2999999999999999889 ) ) ;
#3543 = ADVANCED_FACE ( 'NONE', ( #3449 ), #2057, .F. ) ;
#3544 = DIRECTION ( 'NONE',  ( -1.000000000000000000, 0.000000000000000000, 0.000000000000000000 ) ) ;
#3545 = CARTESIAN_POINT ( 'NONE',  ( -1.059856896735068776, 2.617167596546287722, -0.2999999999999999889 ) ) ;
#3546 = VERTEX_POINT ( 'NONE', #2910 ) ;
#3547 = DIRECTION ( 'NONE',  ( 0.000000000000000000, 0.000000000000000000, -1.000000000000000000 ) ) ;
#3548 = DIRECTION ( 'NONE',  ( -0.2588190451025180194, -0.9659258262890689783, 0.000000000000000000 ) ) ;
#3549 = AXIS2_PLACEMENT_3D ( 'NONE', #392, #2633, #1748 ) ;
#3550 = EDGE_CURVE ( 'NONE', #3237, #1599, #1800, .T. ) ;
#3551 = ORIENTED_EDGE ( 'NONE', *, *, #3629, .F. ) ;
#3552 = CARTESIAN_POINT ( 'NONE',  ( -0.9447506678285710890, 2.419407500308957459, 0.1958559013331328258 ) ) ;
#3553 = CIRCLE ( 'NONE', #1499, 0.1000239575862020974 ) ;
#3554 = LINE ( 'NONE', #2334, #1349 ) ;
#3555 = VERTEX_POINT ( 'NONE', #1523 ) ;
#3556 = DIRECTION ( 'NONE',  ( 0.2588190451025181860, -0.9659258262890689783, 0.000000000000000000 ) ) ;
#3557 = VECTOR ( 'NONE', #1878, 39.37007874015748143 ) ;
#3558 = DIRECTION ( 'NONE',  ( -0.2588190451025180749, -0.9659258262890689783, 0.000000000000000000 ) ) ;
#3559 = ORIENTED_EDGE ( 'NONE', *, *, #650, .T. ) ;
#3560 = VECTOR ( 'NONE', #1109, 39.37007874015748143 ) ;
#3561 = DIRECTION ( 'NONE',  ( 0.2588190451025196848, -0.9659258262890686453, 8.537024980200835623E-16 ) ) ;
#3562 = DIRECTION ( 'NONE',  ( -0.9659258262890689783, 0.2588190451025181305, -0.000000000000000000 ) ) ;
#3563 = DIRECTION ( 'NONE',  ( 0.9659258262890690894, -0.2588190451025181860, -0.000000000000000000 ) ) ;
#3564 = ORIENTED_EDGE ( 'NONE', *, *, #1691, .F. ) ;
#3565 = ORIENTED_EDGE ( 'NONE', *, *, #889, .F. ) ;
#3566 = DIRECTION ( 'NONE',  ( 0.000000000000000000, -0.000000000000000000, -1.000000000000000000 ) ) ;
#3567 = PLANE ( 'NONE',  #718 ) ;
#3568 = ORIENTED_EDGE ( 'NONE', *, *, #1173, .T. ) ;
#3569 = CARTESIAN_POINT ( 'NONE',  ( 1.098493929786631407, 2.606814834742186004, -0.09999999999999999167 ) ) ;
#3570 = CARTESIAN_POINT ( 'NONE',  ( 0.2158415228850488754, 0.04000000000000000083, 0.2999999999999999889 ) ) ;
#3571 = ORIENTED_EDGE ( 'NONE', *, *, #488, .T. ) ;
#3572 = DIRECTION ( 'NONE',  ( -0.9659258262890690894, -0.2588190451025180749, 0.000000000000000000 ) ) ;
#3573 = DIRECTION ( 'NONE',  ( -0.2588190451025175198, -0.9659258262890690894, 0.000000000000000000 ) ) ;
#3574 = EDGE_CURVE ( 'NONE', #3141, #2217, #2929, .T. ) ;
#3575 = CARTESIAN_POINT ( 'NONE',  ( -1.044300676310186526, 2.404562859340632297, 0.2599999999999999534 ) ) ;
#3576 = DIRECTION ( 'NONE',  ( 0.000000000000000000, 0.000000000000000000, 1.000000000000000000 ) ) ;
#3577 = CARTESIAN_POINT ( 'NONE',  ( 0.3613629669484372253, 0.01035276180410072376, 0.2999999999999999889 ) ) ;
#3578 = VECTOR ( 'NONE', #1993, 39.37007874015748854 ) ;
#3579 = EDGE_CURVE ( 'NONE', #3329, #2496, #748, .T. ) ;
#3580 = VECTOR ( 'NONE', #2534, 39.37007874015748854 ) ;
#3581 = ORIENTED_EDGE ( 'NONE', *, *, #1403, .T. ) ;
#3582 = LINE ( 'NONE', #1069, #153 ) ;
#3583 = LINE ( 'NONE', #275, #3412 ) ;
#3584 = EDGE_CURVE ( 'NONE', #1241, #1478, #3486, .T. ) ;
#3585 = ORIENTED_EDGE ( 'NONE', *, *, #2783, .T. ) ;
#3586 = CARTESIAN_POINT ( 'NONE',  ( 0.4123219057207506144, 0.4323563087115465109, 0.004144098666867062145 ) ) ;
#3587 = CARTESIAN_POINT ( 'NONE',  ( -0.9849581196504222369, 2.337641555041607422, -0.05999999999999984512 ) ) ;
#3588 = ORIENTED_EDGE ( 'NONE', *, *, #1520, .T. ) ;
#3589 = ADVANCED_FACE ( 'NONE', ( #1124 ), #1894, .T. ) ;
#3590 = DIRECTION ( 'NONE',  ( 0.2588190451025176864, -0.9659258262890692004, 0.000000000000000000 ) ) ;
#3591 = CIRCLE ( 'NONE', #3536, 0.1000239575862020974 ) ;
#3592 = FACE_OUTER_BOUND ( 'NONE', #2862, .T. ) ;
#3593 = CARTESIAN_POINT ( 'NONE',  ( 0.5059570624969487174, 0.3954371406593679694, 0.2999999999999999889 ) ) ;
#3594 = AXIS2_PLACEMENT_3D ( 'NONE', #2238, #1116, #1385 ) ;
#3595 = DIRECTION ( 'NONE',  ( 0.2588190451025176864, -0.9659258262890692004, 0.000000000000000000 ) ) ;
#3596 = CARTESIAN_POINT ( 'NONE',  ( -1.111620705755572258, 2.810352761804100208, -0.09999999999999985290 ) ) ;
#3597 = AXIS2_PLACEMENT_3D ( 'NONE', #3064, #1119, #1887 ) ;
#3598 = VECTOR ( 'NONE', #3284, 39.37007874015748854 ) ;
#3599 = ORIENTED_EDGE ( 'NONE', *, *, #1307, .T. ) ;
#3600 = CARTESIAN_POINT ( 'NONE',  ( 0.2158415228850488754, 0.04000000000000000083, 0.2999999999999999889 ) ) ;
#3601 = EDGE_CURVE ( 'NONE', #2461, #784, #3379, .T. ) ;
#3602 = DIRECTION ( 'NONE',  ( 0.000000000000000000, 0.000000000000000000, -1.000000000000000000 ) ) ;
#3603 = EDGE_CURVE ( 'NONE', #2356, #1033, #2268, .T. ) ;
#3604 = ORIENTED_EDGE ( 'NONE', *, *, #2707, .T. ) ;
#3605 = DIRECTION ( 'NONE',  ( 0.2588190451025181305, -0.9659258262890689783, 0.000000000000000000 ) ) ;
#3606 = DIRECTION ( 'NONE',  ( -1.000000000000000000, 0.000000000000000000, 0.000000000000000000 ) ) ;
#3607 = ORIENTED_EDGE ( 'NONE', *, *, #450, .T. ) ;
#3608 = AXIS2_PLACEMENT_3D ( 'NONE', #1764, #370, #2087 ) ;
#3609 = CARTESIAN_POINT ( 'NONE',  ( 0.9632434370670146517, 2.488423454679475899, 0.09999999999999970024 ) ) ;
#3610 = CARTESIAN_POINT ( 'NONE',  ( 1.059856896735068776, 2.617167596546286834, -0.09999999999999999167 ) ) ;
#3611 = CIRCLE ( 'NONE', #1036, 0.1000239575862020835 ) ;
#3612 = CARTESIAN_POINT ( 'NONE',  ( -1.059856896735068776, 2.617167596546287278, 0.2999999999999999889 ) ) ;
#3613 = DIRECTION ( 'NONE',  ( 0.2588190451025180194, 0.9659258262890689783, 0.000000000000000000 ) ) ;
#3614 = CARTESIAN_POINT ( 'NONE',  ( -0.9953108814545231775, 2.376278588093170274, 0.2341890781625032281 ) ) ;
#3615 = AXIS2_PLACEMENT_3D ( 'NONE', #179, #805, #2408 ) ;
#3616 = VECTOR ( 'NONE', #2379, 39.37007874015748143 ) ;
#3617 = VECTOR ( 'NONE', #721, 39.37007874015748854 ) ;
#3618 = VERTEX_POINT ( 'NONE', #1143 ) ;
#3619 = DIRECTION ( 'NONE',  ( -1.000000000000000000, 0.000000000000000000, -0.000000000000000000 ) ) ;
#3620 = DIRECTION ( 'NONE',  ( 0.000000000000000000, 0.000000000000000000, 1.000000000000000000 ) ) ;
#3621 = ORIENTED_EDGE ( 'NONE', *, *, #2517, .T. ) ;
#3622 = STYLED_ITEM ( 'NONE', ( #2623 ), #2278 ) ;
#3623 = DIRECTION ( 'NONE',  ( 0.9659258262890690894, 0.2588190451025180749, -0.000000000000000000 ) ) ;
#3624 = DIRECTION ( 'NONE',  ( 0.000000000000000000, 0.000000000000000000, -1.000000000000000000 ) ) ;
#3625 = EDGE_CURVE ( 'NONE', #142, #3153, #1073, .T. ) ;
#3626 = ORIENTED_EDGE ( 'NONE', *, *, #1568, .F. ) ;
#3627 = ORIENTED_EDGE ( 'NONE', *, *, #2219, .T. ) ;
#3628 = LINE ( 'NONE', #581, #1564 ) ;
#3629 = EDGE_CURVE ( 'NONE', #781, #2145, #2473, .T. ) ;
#3630 = PLANE ( 'NONE',  #17 ) ;
#3631 = EDGE_CURVE ( 'NONE', #1966, #855, #501, .T. ) ;
#3632 = DIRECTION ( 'NONE',  ( 0.2588190451025196848, -0.9659258262890686453, 0.000000000000000000 ) ) ;
#3633 = DIRECTION ( 'NONE',  ( 0.2588190451025176864, -0.9659258262890692004, 0.000000000000000000 ) ) ;
#3634 = DIRECTION ( 'NONE',  ( 0.9659258262890689783, 0.2588190451025180194, -0.000000000000000000 ) ) ;
#3635 = ORIENTED_EDGE ( 'NONE', *, *, #3006, .T. ) ;
#3636 = ORIENTED_EDGE ( 'NONE', *, *, #778, .T. ) ;
#3637 = DIRECTION ( 'NONE',  ( 7.070542890854143516E-17, -2.638762530576288081E-16, -1.000000000000000000 ) ) ;
ENDSEC;
END-ISO-10303-21;
